id,text,eventType,state,district,city,lat,lon,mediaUrl,source,timestamp,verificationStatus,verificationReason,confidence
1,Urgent: Thunderstorm situation worsening in Kolkata.,Thunderstorm,West Bengal,Kolkata,Howrah,22.5855,88.3694,https://example.com/media/1.jpg,WhatsApp,2026-09-04T14:22:58,Verified,Matches 1 official warning(s) for thunderstorm in kolkata.,0.9
2,Multiple people affected by Rainfall in Mumbai.,Rainfall,Maharashtra,Mumbai,Mumbai,19.08,72.8728,https://example.com/media/2.jpg,Instagram,2026-09-03T08:17:39,Verified,Matches 1 official warning(s) for rainfall in mumbai.,0.9
3,Urgent: Heatwave situation worsening in Central Delhi.,Heatwave,Delhi,Central Delhi,New Delhi,28.6298,77.204,https://example.com/media/3.jpg,Facebook,2026-09-06T12:53:39,Verified,Matches 1 official warning(s) for heatwave in central delhi.,0.9
4,Multiple people affected by Flood in Ahmedabad.,Flood,Gujarat,Ahmedabad,Ahmedabad,23.0046,72.5619,https://example.com/media/4.jpg,WhatsApp,2026-09-05T14:22:20,Verified,Matches 1 official warning(s) for flood in ahmedabad.,0.9
5,Local authorities responding to Thunderstorm in Kolkata.,Thunderstorm,West Bengal,Kolkata,Howrah,22.5853,88.379,https://example.com/media/5.jpg,Twitter,2026-09-04T17:20:48,Verified,Matches 1 official warning(s) for thunderstorm in kolkata.,0.9
6,Local authorities responding to Dust Storm in Jaipur.,Dust Storm,Rajasthan,Jaipur,Jaipur,26.9038,75.7715,https://example.com/media/6.jpg,Facebook,2026-09-07T16:43:57,Verified,Matches 1 official warning(s) for dust storm in jaipur.,0.9
7,Severe Heatwave reported in Central Delhi.,Heatwave,Delhi,Central Delhi,Central Delhi,28.6067,77.2144,https://example.com/media/7.jpg,WhatsApp,2026-09-06T16:11:45,Verified,Matches 1 official warning(s) for heatwave in central delhi.,0.9
8,Urgent: Heatwave situation worsening in Central Delhi.,Heatwave,Delhi,Central Delhi,New Delhi,28.6204,77.2232,https://example.com/media/8.jpg,Facebook,2026-09-06T15:43:12,Verified,Matches 1 official warning(s) for heatwave in central delhi.,0.9
9,Multiple people affected by Strong Winds in Chennai.,Strong Winds,Tamil Nadu,Chennai,Chennai,13.1026,80.2594,https://example.com/media/9.jpg,Facebook,2026-09-08T15:03:53,Verified,Matches 1 official warning(s) for strong winds in chennai.,0.9
10,Severe Heatwave reported in Central Delhi.,Heatwave,Delhi,Central Delhi,Central Delhi,28.5972,77.2053,https://example.com/media/10.jpg,WhatsApp,2026-09-06T15:35:52,Verified,Matches 1 official warning(s) for heatwave in central delhi.,0.9
11,Local authorities responding to Strong Winds in Chennai.,Strong Winds,Tamil Nadu,Chennai,Chennai,13.0803,80.263,https://example.com/media/11.jpg,Twitter,2026-09-08T15:56:05,Verified,Matches 1 official warning(s) for strong winds in chennai.,0.9
12,Local authorities responding to Flood in Ahmedabad.,Flood,Gujarat,Ahmedabad,Ahmedabad,23.0227,72.5867,https://example.com/media/12.jpg,Twitter,2026-09-05T10:51:20,Verified,Matches 1 official warning(s) for flood in ahmedabad.,0.9
13,Local authorities responding to Flood in Ahmedabad.,Flood,Gujarat,Ahmedabad,Ahmedabad,23.0412,72.5545,https://example.com/media/13.jpg,Facebook,2026-09-05T14:38:25,Verified,Matches 1 official warning(s) for flood in ahmedabad.,0.9
14,Heavy Strong Winds happening right now in Chennai.,Strong Winds,Tamil Nadu,Chennai,Chennai,13.0692,80.2613,https://example.com/media/14.jpg,WhatsApp,2026-09-08T14:24:14,Verified,Matches 1 official warning(s) for strong winds in chennai.,0.9
15,Heavy Thunderstorm happening right now in Kolkata.,Thunderstorm,West Bengal,Kolkata,Kolkata,22.57,88.3681,https://example.com/media/15.jpg,Twitter,2026-09-04T14:50:46,Verified,Matches 1 official warning(s) for thunderstorm in kolkata.,0.9
16,Local authorities responding to Rainfall in Mumbai.,Rainfall,Maharashtra,Mumbai,Mumbai,19.0619,72.878,https://example.com/media/16.jpg,Instagram,2026-09-03T15:43:35,Verified,Matches 1 official warning(s) for rainfall in mumbai.,0.9
17,Urgent: Strong Winds situation worsening in Chennai.,Strong Winds,Tamil Nadu,Chennai,Chennai,13.0936,80.284,https://example.com/media/17.jpg,Instagram,2026-09-08T12:03:20,Verified,Matches 1 official warning(s) for strong winds in chennai.,0.9
18,Heavy Thunderstorm happening right now in Kolkata.,Thunderstorm,West Bengal,Kolkata,Howrah,22.587,88.3632,https://example.com/media/18.jpg,News Portal,2026-09-04T16:05:50,Verified,Matches 1 official warning(s) for thunderstorm in kolkata.,0.9
19,Urgent: Fog situation worsening in Amritsar.,Fog,Punjab,Amritsar,Amritsar,31.6473,74.8916,https://example.com/media/19.jpg,WhatsApp,2026-09-02T09:22:59,Verified,Matches 1 official warning(s) for fog in amritsar.,0.9
20,Urgent: Flood situation worsening in Ahmedabad.,Flood,Gujarat,Ahmedabad,Gandhinagar,23.0122,72.5574,https://example.com/media/20.jpg,WhatsApp,2026-09-05T15:12:07,Verified,Matches 1 official warning(s) for flood in ahmedabad.,0.9
21,Multiple people affected by Heatwave in Central Delhi.,Heatwave,Delhi,Central Delhi,New Delhi,28.6018,77.2218,https://example.com/media/21.jpg,News Portal,2026-09-06T11:35:21,Verified,Matches 1 official warning(s) for heatwave in central delhi.,0.9
22,Severe Thunderstorm reported in Kolkata.,Thunderstorm,West Bengal,Kolkata,Kolkata,22.5701,88.3799,https://example.com/media/22.jpg,Twitter,2026-09-04T18:48:53,Verified,Matches 1 official warning(s) for thunderstorm in kolkata.,0.9
23,Heavy Strong Winds happening right now in Chennai.,Strong Winds,Tamil Nadu,Chennai,Chennai,13.1011,80.2829,https://example.com/media/23.jpg,News Portal,2026-09-08T12:26:16,Verified,Matches 1 official warning(s) for strong winds in chennai.,0.9
24,Local authorities responding to Heatwave in Central Delhi.,Heatwave,Delhi,Central Delhi,New Delhi,28.6161,77.2239,https://example.com/media/24.jpg,Facebook,2026-09-06T12:29:44,Verified,Matches 1 official warning(s) for heatwave in central delhi.,0.9
25,Heavy Heatwave happening right now in Central Delhi.,Heatwave,Delhi,Central Delhi,Central Delhi,28.5949,77.1943,https://example.com/media/25.jpg,WhatsApp,2026-09-06T16:26:11,Verified,Matches 1 official warning(s) for heatwave in central delhi.,0.9
26,Severe Strong Winds reported in Chennai.,Strong Winds,Tamil Nadu,Chennai,Chennai,13.0839,80.274,https://example.com/media/26.jpg,WhatsApp,2026-09-08T13:11:08,Verified,Matches 1 official warning(s) for strong winds in chennai.,0.9
27,Heavy Fog happening right now in Amritsar.,Fog,Punjab,Amritsar,Amritsar,31.6518,74.8529,https://example.com/media/27.jpg,News Portal,2026-09-02T08:11:25,Verified,Matches 1 official warning(s) for fog in amritsar.,0.9
28,Local authorities responding to Rainfall in Mumbai.,Rainfall,Maharashtra,Mumbai,Thane,19.0629,72.8849,https://example.com/media/28.jpg,Facebook,2026-09-03T11:07:34,Verified,Matches 1 official warning(s) for rainfall in mumbai.,0.9
29,Heavy Flood happening right now in Ahmedabad.,Flood,Gujarat,Ahmedabad,Gandhinagar,23.0397,72.5731,https://example.com/media/29.jpg,WhatsApp,2026-09-05T16:57:18,Verified,Matches 1 official warning(s) for flood in ahmedabad.,0.9
30,Multiple people affected by Dust Storm in Jaipur.,Dust Storm,Rajasthan,Jaipur,Jaipur,26.9265,75.7727,https://example.com/media/30.jpg,Twitter,2026-09-07T18:01:04,Verified,Matches 1 official warning(s) for dust storm in jaipur.,0.9
31,Multiple people affected by Dust Storm in Jaipur.,Dust Storm,Rajasthan,Jaipur,Jaipur,26.9038,75.7751,https://example.com/media/31.jpg,Instagram,2026-09-07T15:01:35,Verified,Matches 1 official warning(s) for dust storm in jaipur.,0.9
32,Severe Rainfall reported in Mumbai.,Rainfall,Maharashtra,Mumbai,Thane,19.0665,72.8787,https://example.com/media/32.jpg,WhatsApp,2026-09-03T12:34:55,Verified,Matches 1 official warning(s) for rainfall in mumbai.,0.9
33,Heavy Fog happening right now in Amritsar.,Fog,Punjab,Amritsar,Amritsar,31.6485,74.8729,https://example.com/media/33.jpg,Instagram,2026-09-02T09:08:06,Verified,Matches 1 official warning(s) for fog in amritsar.,0.9
34,Multiple people affected by Dust Storm in Jaipur.,Dust Storm,Rajasthan,Jaipur,Jaipur,26.9201,75.7999,https://example.com/media/34.jpg,News Portal,2026-09-07T18:27:30,Verified,Matches 1 official warning(s) for dust storm in jaipur.,0.9
35,Local authorities responding to Strong Winds in Chennai.,Strong Winds,Tamil Nadu,Chennai,Chennai,13.0893,80.2564,https://example.com/media/35.jpg,WhatsApp,2026-09-08T16:07:07,Verified,Matches 1 official warning(s) for strong winds in chennai.,0.9
36,Local authorities responding to Heatwave in Central Delhi.,Heatwave,Delhi,Central Delhi,Central Delhi,28.6029,77.2041,https://example.com/media/36.jpg,Instagram,2026-09-06T15:00:43,Verified,Matches 1 official warning(s) for heatwave in central delhi.,0.9
37,Multiple people affected by Strong Winds in Chennai.,Strong Winds,Tamil Nadu,Chennai,Chennai,13.1026,80.261,https://example.com/media/37.jpg,Instagram,2026-09-08T12:29:13,Verified,Matches 1 official warning(s) for strong winds in chennai.,0.9
38,Multiple people affected by Thunderstorm in Kolkata.,Thunderstorm,West Bengal,Kolkata,Kolkata,22.5593,88.3717,https://example.com/media/38.jpg,Twitter,2026-09-04T16:51:40,Verified,Matches 1 official warning(s) for thunderstorm in kolkata.,0.9
39,Local authorities responding to Heatwave in Central Delhi.,Heatwave,Delhi,Central Delhi,New Delhi,28.6201,77.2051,https://example.com/media/39.jpg,News Portal,2026-09-06T15:06:53,Verified,Matches 1 official warning(s) for heatwave in central delhi.,0.9
40,Local authorities responding to Thunderstorm in Kolkata.,Thunderstorm,West Bengal,Kolkata,Kolkata,22.568,88.3777,https://example.com/media/40.jpg,News Portal,2026-09-04T15:28:29,Verified,Matches 1 official warning(s) for thunderstorm in kolkata.,0.9
41,Severe Rainfall reported in Mumbai.,Rainfall,Maharashtra,Mumbai,Mumbai,19.0786,72.8667,https://example.com/media/41.jpg,Instagram,2026-09-03T12:29:29,Verified,Matches 1 official warning(s) for rainfall in mumbai.,0.9
42,Local authorities responding to Flood in Ahmedabad.,Flood,Gujarat,Ahmedabad,Ahmedabad,23.0256,72.5785,https://example.com/media/42.jpg,Twitter,2026-09-05T15:19:51,Verified,Matches 1 official warning(s) for flood in ahmedabad.,0.9
43,Severe Heatwave reported in Central Delhi.,Heatwave,Delhi,Central Delhi,New Delhi,28.6311,77.2205,https://example.com/media/43.jpg,WhatsApp,2026-09-06T14:09:58,Verified,Matches 1 official warning(s) for heatwave in central delhi.,0.9
44,Heavy Thunderstorm happening right now in Kolkata.,Thunderstorm,West Bengal,Kolkata,Kolkata,22.5777,88.3534,https://example.com/media/44.jpg,WhatsApp,2026-09-04T19:29:52,Verified,Matches 1 official warning(s) for thunderstorm in kolkata.,0.9
45,Local authorities responding to Thunderstorm in Kolkata.,Thunderstorm,West Bengal,Kolkata,Kolkata,22.5772,88.3605,https://example.com/media/45.jpg,Twitter,2026-09-04T14:53:27,Verified,Matches 1 official warning(s) for thunderstorm in kolkata.,0.9
46,Multiple people affected by Fog in Amritsar.,Fog,Punjab,Amritsar,Amritsar,31.6226,74.8562,https://example.com/media/46.jpg,WhatsApp,2026-09-02T09:02:25,Verified,Matches 1 official warning(s) for fog in amritsar.,0.9
47,Multiple people affected by Heatwave in Central Delhi.,Heatwave,Delhi,Central Delhi,New Delhi,28.6094,77.1922,https://example.com/media/47.jpg,WhatsApp,2026-09-06T14:57:25,Verified,Matches 1 official warning(s) for heatwave in central delhi.,0.9
48,Local authorities responding to Flood in Ahmedabad.,Flood,Gujarat,Ahmedabad,Gandhinagar,23.0145,72.5876,https://example.com/media/48.jpg,Twitter,2026-09-05T12:39:19,Verified,Matches 1 official warning(s) for flood in ahmedabad.,0.9
49,Severe Thunderstorm reported in Kolkata.,Thunderstorm,West Bengal,Kolkata,Kolkata,22.5527,88.3507,https://example.com/media/49.jpg,News Portal,2026-09-04T17:03:40,Verified,Matches 1 official warning(s) for thunderstorm in kolkata.,0.9
50,Heavy Heatwave happening right now in Central Delhi.,Heatwave,Delhi,Central Delhi,New Delhi,28.6296,77.2054,https://example.com/media/50.jpg,Facebook,2026-09-06T15:57:48,Verified,Matches 1 official warning(s) for heatwave in central delhi.,0.9
51,Severe Thunderstorm reported in Kolkata.,Thunderstorm,West Bengal,Kolkata,Kolkata,22.5844,88.3805,https://example.com/media/51.jpg,Instagram,2026-09-04T17:47:41,Verified,Matches 1 official warning(s) for thunderstorm in kolkata.,0.9
52,Multiple people affected by Rainfall in Mumbai.,Rainfall,Maharashtra,Mumbai,Mumbai,19.0733,72.8706,https://example.com/media/52.jpg,Facebook,2026-09-03T17:37:32,Verified,Matches 1 official warning(s) for rainfall in mumbai.,0.9
53,Multiple people affected by Thunderstorm in Kolkata.,Thunderstorm,West Bengal,Kolkata,Kolkata,22.5858,88.346,https://example.com/media/53.jpg,Facebook,2026-09-04T15:04:52,Verified,Matches 1 official warning(s) for thunderstorm in kolkata.,0.9
54,Heavy Heatwave happening right now in Central Delhi.,Heatwave,Delhi,Central Delhi,Central Delhi,28.6038,77.1899,https://example.com/media/54.jpg,WhatsApp,2026-09-06T11:18:14,Verified,Matches 1 official warning(s) for heatwave in central delhi.,0.9
55,Local authorities responding to Rainfall in Mumbai.,Rainfall,Maharashtra,Mumbai,Thane,19.0952,72.8921,https://example.com/media/55.jpg,Instagram,2026-09-03T12:46:19,Verified,Matches 1 official warning(s) for rainfall in mumbai.,0.9
56,Urgent: Heatwave situation worsening in Central Delhi.,Heatwave,Delhi,Central Delhi,New Delhi,28.614,77.1972,https://example.com/media/56.jpg,Instagram,2026-09-06T13:43:43,Verified,Matches 1 official warning(s) for heatwave in central delhi.,0.9
57,Local authorities responding to Rainfall in Mumbai.,Rainfall,Maharashtra,Mumbai,Thane,19.0617,72.8608,https://example.com/media/57.jpg,Facebook,2026-09-03T09:34:15,Verified,Matches 1 official warning(s) for rainfall in mumbai.,0.9
58,Heavy Rainfall happening right now in Mumbai.,Rainfall,Maharashtra,Mumbai,Mumbai,19.0921,72.8926,https://example.com/media/58.jpg,Facebook,2026-09-03T14:39:07,Verified,Matches 1 official warning(s) for rainfall in mumbai.,0.9
59,Severe Fog reported in Amritsar.,Fog,Punjab,Amritsar,Amritsar,31.6444,74.8795,https://example.com/media/59.jpg,WhatsApp,2026-09-02T09:21:44,Verified,Matches 1 official warning(s) for fog in amritsar.,0.9
60,Severe Flood reported in Ahmedabad.,Flood,Gujarat,Ahmedabad,Ahmedabad,23.005,72.5816,https://example.com/media/60.jpg,Facebook,2026-09-05T13:38:46,Verified,Matches 1 official warning(s) for flood in ahmedabad.,0.9
61,Multiple people affected by Flood in Ahmedabad.,Flood,Gujarat,Ahmedabad,Gandhinagar,23.0377,72.5877,https://example.com/media/61.jpg,Twitter,2026-09-05T16:22:38,Verified,Matches 1 official warning(s) for flood in ahmedabad.,0.9
62,Multiple people affected by Dust Storm in Jaipur.,Dust Storm,Rajasthan,Jaipur,Jaipur,26.8982,75.8065,https://example.com/media/62.jpg,Facebook,2026-09-07T17:27:33,Verified,Matches 1 official warning(s) for dust storm in jaipur.,0.9
63,Local authorities responding to Flood in Ahmedabad.,Flood,Gujarat,Ahmedabad,Gandhinagar,23.0235,72.5653,https://example.com/media/63.jpg,WhatsApp,2026-09-05T10:06:12,Verified,Matches 1 official warning(s) for flood in ahmedabad.,0.9
64,Local authorities responding to Dust Storm in Jaipur.,Dust Storm,Rajasthan,Jaipur,Jaipur,26.9288,75.7833,https://example.com/media/64.jpg,Instagram,2026-09-07T15:04:32,Verified,Matches 1 official warning(s) for dust storm in jaipur.,0.9
65,Urgent: Fog situation worsening in Amritsar.,Fog,Punjab,Amritsar,Amritsar,31.6323,74.8815,https://example.com/media/65.jpg,News Portal,2026-09-02T07:12:02,Verified,Matches 1 official warning(s) for fog in amritsar.,0.9
66,Urgent: Heatwave situation worsening in Central Delhi.,Heatwave,Delhi,Central Delhi,Central Delhi,28.6245,77.2215,https://example.com/media/66.jpg,News Portal,2026-09-06T16:36:00,Verified,Matches 1 official warning(s) for heatwave in central delhi.,0.9
67,Heavy Heatwave happening right now in Central Delhi.,Heatwave,Delhi,Central Delhi,New Delhi,28.5994,77.1894,https://example.com/media/67.jpg,Facebook,2026-09-06T14:03:44,Verified,Matches 1 official warning(s) for heatwave in central delhi.,0.9
68,Severe Flood reported in Ahmedabad.,Flood,Gujarat,Ahmedabad,Ahmedabad,23.0198,72.5837,https://example.com/media/68.jpg,Instagram,2026-09-05T12:31:57,Verified,Matches 1 official warning(s) for flood in ahmedabad.,0.9
69,Severe Rainfall reported in Mumbai.,Rainfall,Maharashtra,Mumbai,Thane,19.0573,72.8958,https://example.com/media/69.jpg,News Portal,2026-09-03T19:57:35,Verified,Matches 1 official warning(s) for rainfall in mumbai.,0.9
70,Urgent: Strong Winds situation worsening in Chennai.,Strong Winds,Tamil Nadu,Chennai,Chennai,13.0947,80.2579,https://example.com/media/70.jpg,News Portal,2026-09-08T14:12:46,Verified,Matches 1 official warning(s) for strong winds in chennai.,0.9
71,Severe Heatwave reported in Mumbai.,Heatwave,Maharashtra,Mumbai,Thane,19.0786,72.8651,https://example.com/media/71.jpg,News Portal,2026-08-26T11:21:56,Suspicious,No official warning found for heatwave in mumbai; extreme event claim.,0.6
72,Multiple people affected by Rainfall in Jaipur.,Rainfall,Rajasthan,Jaipur,Jaipur,26.9048,75.8003,https://example.com/media/72.jpg,News Portal,2026-08-08T15:39:26,Pending,"No official warning found for rainfall in jaipur; ordinary event, unverified.",0.5
73,Severe Flood reported in Kolkata.,Flood,West Bengal,Kolkata,Kolkata,22.5799,88.3472,https://example.com/media/73.jpg,Twitter,2026-08-12T05:49:03,Suspicious,No official warning found for flood in kolkata; extreme event claim.,0.6
74,Heavy Dust Storm happening right now in Central Delhi.,Dust Storm,Delhi,Central Delhi,Central Delhi,28.6232,77.2153,https://example.com/media/74.jpg,News Portal,2026-08-11T18:06:15,Suspicious,No official warning found for dust storm in central delhi; extreme event claim.,0.6
75,Local authorities responding to Thunderstorm in Chennai.,Thunderstorm,Tamil Nadu,Chennai,Chennai,13.0841,80.29,https://example.com/media/75.jpg,Twitter,2026-08-12T14:12:02,Suspicious,No official warning found for thunderstorm in chennai; extreme event claim.,0.6
76,Severe Heatwave reported in Jaipur.,Heatwave,Rajasthan,Jaipur,Jaipur,26.895,75.8042,https://example.com/media/76.jpg,News Portal,2026-08-20T05:27:54,Suspicious,No official warning found for heatwave in jaipur; extreme event claim.,0.6
77,Heavy Dust Storm happening right now in Central Delhi.,Dust Storm,Delhi,Central Delhi,Central Delhi,28.5999,77.2103,https://example.com/media/77.jpg,Twitter,2026-08-09T20:13:36,Suspicious,No official warning found for dust storm in central delhi; extreme event claim.,0.6
78,Urgent: Flood situation worsening in Central Delhi.,Flood,Delhi,Central Delhi,Central Delhi,28.6333,77.197,https://example.com/media/78.jpg,Instagram,2026-08-22T20:02:48,Suspicious,No official warning found for flood in central delhi; extreme event claim.,0.6
79,Local authorities responding to Thunderstorm in Amritsar.,Thunderstorm,Punjab,Amritsar,Amritsar,31.6539,74.8874,https://example.com/media/79.jpg,WhatsApp,2026-08-10T18:07:23,Suspicious,No official warning found for thunderstorm in amritsar; extreme event claim.,0.6
80,Urgent: Fog situation worsening in Jaipur.,Fog,Rajasthan,Jaipur,Jaipur,26.9021,75.773,https://example.com/media/80.jpg,Twitter,2026-09-06T01:02:29,Pending,"No official warning found for fog in jaipur; ordinary event, unverified.",0.5
81,Multiple people affected by Heatwave in Kolkata.,Heatwave,West Bengal,Kolkata,Kolkata,22.5694,88.3694,https://example.com/media/81.jpg,WhatsApp,2026-08-16T03:44:04,Suspicious,No official warning found for heatwave in kolkata; extreme event claim.,0.6
82,Local authorities responding to Strong Winds in Kolkata.,Strong Winds,West Bengal,Kolkata,Kolkata,22.5779,88.3454,https://example.com/media/82.jpg,Instagram,2026-09-07T18:05:31,Pending,"No official warning found for strong winds in kolkata; ordinary event, unverified.",0.5
83,Urgent: Strong Winds situation worsening in Central Delhi.,Strong Winds,Delhi,Central Delhi,Central Delhi,28.5958,77.21,https://example.com/media/83.jpg,WhatsApp,2026-09-03T09:19:53,Pending,"No official warning found for strong winds in central delhi; ordinary event, unverified.",0.5
84,Severe Fog reported in Mumbai.,Fog,Maharashtra,Mumbai,Thane,19.0902,72.8716,https://example.com/media/84.jpg,News Portal,2026-09-08T04:07:49,Pending,"No official warning found for fog in mumbai; ordinary event, unverified.",0.5
85,Local authorities responding to Thunderstorm in Jaipur.,Thunderstorm,Rajasthan,Jaipur,Jaipur,26.9293,75.782,https://example.com/media/85.jpg,Instagram,2026-08-11T03:43:57,Suspicious,No official warning found for thunderstorm in jaipur; extreme event claim.,0.6
86,Local authorities responding to Flood in Amritsar.,Flood,Punjab,Amritsar,Amritsar,31.614,74.8555,https://example.com/media/86.jpg,Facebook,2026-09-07T10:53:32,Suspicious,No official warning found for flood in amritsar; extreme event claim.,0.6
87,Severe Strong Winds reported in Kolkata.,Strong Winds,West Bengal,Kolkata,Howrah,22.5717,88.3832,https://example.com/media/87.jpg,News Portal,2026-09-02T23:54:24,Pending,"No official warning found for strong winds in kolkata; ordinary event, unverified.",0.5
88,Local authorities responding to Fog in Chennai.,Fog,Tamil Nadu,Chennai,Chennai,13.0982,80.2803,https://example.com/media/88.jpg,Instagram,2026-08-15T06:50:58,Pending,"No official warning found for fog in chennai; ordinary event, unverified.",0.5
89,Multiple people affected by Fog in Mumbai.,Fog,Maharashtra,Mumbai,Mumbai,19.074,72.8771,https://example.com/media/89.jpg,WhatsApp,2026-08-06T03:21:43,Pending,"No official warning found for fog in mumbai; ordinary event, unverified.",0.5
90,Local authorities responding to Fog in Chennai.,Fog,Tamil Nadu,Chennai,Chennai,13.0676,80.261,https://example.com/media/90.jpg,Instagram,2026-08-05T13:29:06,Pending,"No official warning found for fog in chennai; ordinary event, unverified.",0.5
91,Severe Flood reported in Mumbai.,Flood,Maharashtra,Mumbai,Thane,19.0953,72.8582,https://example.com/media/91.jpg,Facebook,2026-08-05T16:14:09,Suspicious,No official warning found for flood in mumbai; extreme event claim.,0.6
92,Local authorities responding to Thunderstorm in Mumbai.,Thunderstorm,Maharashtra,Mumbai,Mumbai,19.0944,72.8581,https://example.com/media/92.jpg,WhatsApp,2026-08-11T08:25:58,Suspicious,No official warning found for thunderstorm in mumbai; extreme event claim.,0.6
93,Multiple people affected by Fog in Mumbai.,Fog,Maharashtra,Mumbai,Mumbai,19.0765,72.8652,https://example.com/media/93.jpg,News Portal,2026-08-31T19:09:34,Pending,"No official warning found for fog in mumbai; ordinary event, unverified.",0.5
94,Local authorities responding to Fog in Chennai.,Fog,Tamil Nadu,Chennai,Chennai,13.0662,80.2805,https://example.com/media/94.jpg,Twitter,2026-08-18T09:06:02,Pending,"No official warning found for fog in chennai; ordinary event, unverified.",0.5
95,Local authorities responding to Strong Winds in Ahmedabad.,Strong Winds,Gujarat,Ahmedabad,Gandhinagar,23.0151,72.5609,https://example.com/media/95.jpg,News Portal,2026-08-29T14:30:28,Pending,"No official warning found for strong winds in ahmedabad; ordinary event, unverified.",0.5
96,Urgent: Fog situation worsening in Ahmedabad.,Fog,Gujarat,Ahmedabad,Ahmedabad,23.0302,72.5607,https://example.com/media/96.jpg,Instagram,2026-08-31T13:54:57,Pending,"No official warning found for fog in ahmedabad; ordinary event, unverified.",0.5
97,Urgent: Strong Winds situation worsening in Central Delhi.,Strong Winds,Delhi,Central Delhi,Central Delhi,28.6132,77.1907,https://example.com/media/97.jpg,Facebook,2026-09-01T08:08:36,Pending,"No official warning found for strong winds in central delhi; ordinary event, unverified.",0.5
98,Severe Rainfall reported in Jaipur.,Rainfall,Rajasthan,Jaipur,Jaipur,26.9129,75.787,https://example.com/media/98.jpg,News Portal,2026-09-05T07:16:02,Pending,"No official warning found for rainfall in jaipur; ordinary event, unverified.",0.5
99,Local authorities responding to Rainfall in Jaipur.,Rainfall,Rajasthan,Jaipur,Jaipur,26.9101,75.7839,https://example.com/media/99.jpg,News Portal,2026-08-08T17:11:57,Pending,"No official warning found for rainfall in jaipur; ordinary event, unverified.",0.5
100,Multiple people affected by Thunderstorm in Central Delhi.,Thunderstorm,Delhi,Central Delhi,New Delhi,28.611,77.2146,https://example.com/media/100.jpg,WhatsApp,2026-08-18T07:50:33,Suspicious,No official warning found for thunderstorm in central delhi; extreme event claim.,0.6
101,Urgent: Thunderstorm situation worsening in Kolkata.,Thunderstorm,West Bengal,Kolkata,Howrah,22.5716,88.3461,https://example.com/media/101.jpg,Facebook,2026-09-03T01:44:17,Suspicious,No official warning found for thunderstorm in kolkata; extreme event claim.,0.6
102,Multiple people affected by Dust Storm in Ahmedabad.,Dust Storm,Gujarat,Ahmedabad,Ahmedabad,23.024,72.5712,https://example.com/media/102.jpg,Twitter,2026-08-30T12:06:13,Suspicious,No official warning found for dust storm in ahmedabad; extreme event claim.,0.6
103,Heavy Heatwave happening right now in Ahmedabad.,Heatwave,Gujarat,Ahmedabad,Ahmedabad,23.0356,72.5845,https://example.com/media/103.jpg,Instagram,2026-09-08T13:20:40,Suspicious,No official warning found for heatwave in ahmedabad; extreme event claim.,0.6
104,Urgent: Rainfall situation worsening in Central Delhi.,Rainfall,Delhi,Central Delhi,Central Delhi,28.6109,77.2171,https://example.com/media/104.jpg,Facebook,2026-09-06T02:21:42,Pending,"No official warning found for rainfall in central delhi; ordinary event, unverified.",0.5
105,Urgent: Heatwave situation worsening in Amritsar.,Heatwave,Punjab,Amritsar,Amritsar,31.6251,74.8628,https://example.com/media/105.jpg,Twitter,2026-08-12T04:36:10,Suspicious,No official warning found for heatwave in amritsar; extreme event claim.,0.6
106,Urgent: Strong Winds situation worsening in Central Delhi.,Strong Winds,Delhi,Central Delhi,Central Delhi,28.6059,77.2027,https://example.com/media/106.jpg,WhatsApp,2026-09-07T04:52:07,Pending,"No official warning found for strong winds in central delhi; ordinary event, unverified.",0.5
107,Local authorities responding to Fog in Jaipur.,Fog,Rajasthan,Jaipur,Jaipur,26.901,75.7981,https://example.com/media/107.jpg,Facebook,2026-08-07T17:38:50,Pending,"No official warning found for fog in jaipur; ordinary event, unverified.",0.5
108,Local authorities responding to Flood in Central Delhi.,Flood,Delhi,Central Delhi,New Delhi,28.6158,77.2239,https://example.com/media/108.jpg,Twitter,2026-08-10T18:47:55,Suspicious,No official warning found for flood in central delhi; extreme event claim.,0.6
109,Heavy Dust Storm happening right now in Mumbai.,Dust Storm,Maharashtra,Mumbai,Mumbai,19.0838,72.8676,https://example.com/media/109.jpg,Instagram,2026-08-12T16:15:07,Suspicious,No official warning found for dust storm in mumbai; extreme event claim.,0.6
110,Multiple people affected by Dust Storm in Mumbai.,Dust Storm,Maharashtra,Mumbai,Thane,19.0767,72.8774,https://example.com/media/110.jpg,News Portal,2026-08-06T12:57:49,Suspicious,No official warning found for dust storm in mumbai; extreme event claim.,0.6
111,Heavy Heatwave happening right now in Central Delhi.,Heatwave,Delhi,Central Delhi,Central Delhi,28.6212,77.2047,https://example.com/media/111.jpg,WhatsApp,2026-08-21T04:11:43,Suspicious,No official warning found for heatwave in central delhi; extreme event claim.,0.6
112,Local authorities responding to Strong Winds in Amritsar.,Strong Winds,Punjab,Amritsar,Amritsar,31.6263,74.8604,https://example.com/media/112.jpg,Instagram,2026-08-18T06:39:36,Pending,"No official warning found for strong winds in amritsar; ordinary event, unverified.",0.5
113,Heavy Fog happening right now in Amritsar.,Fog,Punjab,Amritsar,Amritsar,31.6289,74.8921,https://example.com/media/113.jpg,News Portal,2026-08-21T07:58:17,Pending,"No official warning found for fog in amritsar; ordinary event, unverified.",0.5
114,Multiple people affected by Strong Winds in Kolkata.,Strong Winds,West Bengal,Kolkata,Kolkata,22.5669,88.3533,https://example.com/media/114.jpg,Twitter,2026-08-24T16:05:00,Pending,"No official warning found for strong winds in kolkata; ordinary event, unverified.",0.5
115,Heavy Flood happening right now in Amritsar.,Flood,Punjab,Amritsar,Amritsar,31.6458,74.8882,https://example.com/media/115.jpg,Facebook,2026-08-24T16:35:34,Suspicious,No official warning found for flood in amritsar; extreme event claim.,0.6
116,Heavy Fog happening right now in Mumbai.,Fog,Maharashtra,Mumbai,Thane,19.0655,72.8841,https://example.com/media/116.jpg,News Portal,2026-08-23T23:21:58,Pending,"No official warning found for fog in mumbai; ordinary event, unverified.",0.5
117,Multiple people affected by Thunderstorm in Ahmedabad.,Thunderstorm,Gujarat,Ahmedabad,Ahmedabad,23.0301,72.5871,https://example.com/media/117.jpg,Instagram,2026-08-22T07:28:04,Suspicious,No official warning found for thunderstorm in ahmedabad; extreme event claim.,0.6
118,Local authorities responding to Dust Storm in Amritsar.,Dust Storm,Punjab,Amritsar,Amritsar,31.6182,74.8793,https://example.com/media/118.jpg,WhatsApp,2026-08-22T09:23:19,Suspicious,No official warning found for dust storm in amritsar; extreme event claim.,0.6
119,Local authorities responding to Dust Storm in Central Delhi.,Dust Storm,Delhi,Central Delhi,Central Delhi,28.6138,77.2156,https://example.com/media/119.jpg,Facebook,2026-09-04T09:18:00,Suspicious,No official warning found for dust storm in central delhi; extreme event claim.,0.6
120,Multiple people affected by Fog in Kolkata.,Fog,West Bengal,Kolkata,Kolkata,22.5726,88.3479,https://example.com/media/120.jpg,WhatsApp,2026-08-10T07:40:48,Pending,"No official warning found for fog in kolkata; ordinary event, unverified.",0.5
121,Severe Dust Storm reported in Kolkata.,Dust Storm,West Bengal,Kolkata,Kolkata,22.5538,88.3535,https://example.com/media/121.jpg,Twitter,2026-08-19T07:23:39,Suspicious,No official warning found for dust storm in kolkata; extreme event claim.,0.6
122,Heavy Fog happening right now in Amritsar.,Fog,Punjab,Amritsar,Amritsar,31.653,74.8847,https://example.com/media/122.jpg,Instagram,2026-09-03T21:06:03,Pending,"No official warning found for fog in amritsar; ordinary event, unverified.",0.5
123,Local authorities responding to Thunderstorm in Amritsar.,Thunderstorm,Punjab,Amritsar,Amritsar,31.6452,74.8756,https://example.com/media/123.jpg,Instagram,2026-08-23T01:04:34,Suspicious,No official warning found for thunderstorm in amritsar; extreme event claim.,0.6
124,Heavy Rainfall happening right now in Mumbai.,Rainfall,Maharashtra,Mumbai,Thane,19.0893,72.8656,https://example.com/media/124.jpg,Twitter,2026-08-20T20:18:20,Pending,"No official warning found for rainfall in mumbai; ordinary event, unverified.",0.5
125,Severe Strong Winds reported in Jaipur.,Strong Winds,Rajasthan,Jaipur,Jaipur,26.92,75.7721,https://example.com/media/125.jpg,Instagram,2026-08-14T16:19:43,Pending,"No official warning found for strong winds in jaipur; ordinary event, unverified.",0.5
126,Local authorities responding to Strong Winds in Chennai.,Strong Winds,Tamil Nadu,Chennai,Chennai,13.0916,80.2837,https://example.com/media/126.jpg,Instagram,2026-09-08T10:12:16,Verified,Matches 1 official warning(s) for strong winds in chennai.,0.9
127,Urgent: Dust Storm situation worsening in Chennai.,Dust Storm,Tamil Nadu,Chennai,Chennai,13.101,80.2614,https://example.com/media/127.jpg,Twitter,2026-09-01T02:19:39,Suspicious,No official warning found for dust storm in chennai; extreme event claim.,0.6
128,Multiple people affected by Dust Storm in Jaipur.,Dust Storm,Rajasthan,Jaipur,Jaipur,26.8978,75.8019,https://example.com/media/128.jpg,News Portal,2026-09-04T20:32:33,Suspicious,No official warning found for dust storm in jaipur; extreme event claim.,0.6
129,Local authorities responding to Fog in Jaipur.,Fog,Rajasthan,Jaipur,Jaipur,26.9189,75.7822,https://example.com/media/129.jpg,Twitter,2026-08-06T11:30:16,Pending,"No official warning found for fog in jaipur; ordinary event, unverified.",0.5
130,Severe Strong Winds reported in Kolkata.,Strong Winds,West Bengal,Kolkata,Howrah,22.5779,88.3809,https://example.com/media/130.jpg,Facebook,2026-08-21T01:46:44,Pending,"No official warning found for strong winds in kolkata; ordinary event, unverified.",0.5
131,Urgent: Strong Winds situation worsening in Mumbai.,Strong Winds,Maharashtra,Mumbai,Thane,19.0705,72.8754,https://example.com/media/131.jpg,WhatsApp,2026-08-31T01:05:56,Pending,"No official warning found for strong winds in mumbai; ordinary event, unverified.",0.5
132,Multiple people affected by Strong Winds in Central Delhi.,Strong Winds,Delhi,Central Delhi,Central Delhi,28.6177,77.1965,https://example.com/media/132.jpg,News Portal,2026-08-30T12:54:32,Pending,"No official warning found for strong winds in central delhi; ordinary event, unverified.",0.5
133,Urgent: Dust Storm situation worsening in Chennai.,Dust Storm,Tamil Nadu,Chennai,Chennai,13.0926,80.2565,https://example.com/media/133.jpg,News Portal,2026-08-06T06:32:53,Suspicious,No official warning found for dust storm in chennai; extreme event claim.,0.6
134,Multiple people affected by Strong Winds in Chennai.,Strong Winds,Tamil Nadu,Chennai,Chennai,13.0741,80.2682,https://example.com/media/134.jpg,Instagram,2026-08-09T15:17:13,Pending,"No official warning found for strong winds in chennai; ordinary event, unverified.",0.5
135,Local authorities responding to Rainfall in Central Delhi.,Rainfall,Delhi,Central Delhi,New Delhi,28.5943,77.222,https://example.com/media/135.jpg,Instagram,2026-08-19T06:02:01,Pending,"No official warning found for rainfall in central delhi; ordinary event, unverified.",0.5
136,Heavy Thunderstorm happening right now in Amritsar.,Thunderstorm,Punjab,Amritsar,Amritsar,31.6265,74.8608,https://example.com/media/136.jpg,Facebook,2026-08-25T04:28:48,Suspicious,No official warning found for thunderstorm in amritsar; extreme event claim.,0.6
137,Heavy Dust Storm happening right now in Amritsar.,Dust Storm,Punjab,Amritsar,Amritsar,31.6468,74.8857,https://example.com/media/137.jpg,Facebook,2026-08-10T15:23:12,Suspicious,No official warning found for dust storm in amritsar; extreme event claim.,0.6
138,Multiple people affected by Dust Storm in Mumbai.,Dust Storm,Maharashtra,Mumbai,Mumbai,19.0938,72.8669,https://example.com/media/138.jpg,Facebook,2026-08-28T01:28:22,Suspicious,No official warning found for dust storm in mumbai; extreme event claim.,0.6
139,Urgent: Dust Storm situation worsening in Jaipur.,Dust Storm,Rajasthan,Jaipur,Jaipur,26.9044,75.7854,https://example.com/media/139.jpg,Facebook,2026-08-15T07:19:55,Suspicious,No official warning found for dust storm in jaipur; extreme event claim.,0.6
140,Local authorities responding to Flood in Central Delhi.,Flood,Delhi,Central Delhi,Central Delhi,28.631,77.1959,https://example.com/media/140.jpg,Facebook,2026-08-15T09:49:03,Suspicious,No official warning found for flood in central delhi; extreme event claim.,0.6
141,Severe Flood reported in Chennai.,Flood,Tamil Nadu,Chennai,Chennai,13.0678,80.2559,https://example.com/media/141.jpg,Twitter,2026-08-16T12:18:05,Suspicious,No official warning found for flood in chennai; extreme event claim.,0.6
142,Urgent: Rainfall situation worsening in Central Delhi.,Rainfall,Delhi,Central Delhi,New Delhi,28.6181,77.2137,https://example.com/media/142.jpg,Twitter,2026-08-22T23:18:27,Pending,"No official warning found for rainfall in central delhi; ordinary event, unverified.",0.5
143,Local authorities responding to Fog in Ahmedabad.,Fog,Gujarat,Ahmedabad,Gandhinagar,23.0144,72.5695,https://example.com/media/143.jpg,WhatsApp,2026-09-04T05:32:19,Pending,"No official warning found for fog in ahmedabad; ordinary event, unverified.",0.5
144,Heavy Rainfall happening right now in Mumbai.,Rainfall,Maharashtra,Mumbai,Thane,19.0817,72.8599,https://example.com/media/144.jpg,News Portal,2026-08-10T06:17:10,Pending,"No official warning found for rainfall in mumbai; ordinary event, unverified.",0.5
145,Local authorities responding to Strong Winds in Mumbai.,Strong Winds,Maharashtra,Mumbai,Thane,19.0737,72.8921,https://example.com/media/145.jpg,Twitter,2026-09-03T10:50:35,Pending,"No official warning found for strong winds in mumbai; ordinary event, unverified.",0.5
146,Severe Dust Storm reported in Kolkata.,Dust Storm,West Bengal,Kolkata,Howrah,22.561,88.3479,https://example.com/media/146.jpg,Facebook,2026-08-23T02:21:20,Suspicious,No official warning found for dust storm in kolkata; extreme event claim.,0.6
147,Severe Fog reported in Ahmedabad.,Fog,Gujarat,Ahmedabad,Ahmedabad,23.0366,72.5595,https://example.com/media/147.jpg,News Portal,2026-08-31T22:27:55,Pending,"No official warning found for fog in ahmedabad; ordinary event, unverified.",0.5
148,Severe Rainfall reported in Amritsar.,Rainfall,Punjab,Amritsar,Amritsar,31.6233,74.8695,https://example.com/media/148.jpg,WhatsApp,2026-08-06T18:54:41,Pending,"No official warning found for rainfall in amritsar; ordinary event, unverified.",0.5
149,Multiple people affected by Strong Winds in Mumbai.,Strong Winds,Maharashtra,Mumbai,Thane,19.07,72.8971,https://example.com/media/149.jpg,WhatsApp,2026-08-23T14:06:55,Pending,"No official warning found for strong winds in mumbai; ordinary event, unverified.",0.5
150,Severe Fog reported in Ahmedabad.,Fog,Gujarat,Ahmedabad,Gandhinagar,23.0312,72.576,https://example.com/media/150.jpg,Instagram,2026-08-18T14:26:56,Pending,"No official warning found for fog in ahmedabad; ordinary event, unverified.",0.5
151,Severe Thunderstorm reported in Amritsar.,Thunderstorm,Punjab,Amritsar,Amritsar,31.6314,74.884,https://example.com/media/151.jpg,WhatsApp,2026-08-10T16:01:47,Suspicious,No official warning found for thunderstorm in amritsar; extreme event claim.,0.6
152,Local authorities responding to Flood in Amritsar.,Flood,Punjab,Amritsar,Amritsar,31.6377,74.8887,https://example.com/media/152.jpg,Instagram,2026-08-17T13:08:56,Suspicious,No official warning found for flood in amritsar; extreme event claim.,0.6
153,Urgent: Rainfall situation worsening in Jaipur.,Rainfall,Rajasthan,Jaipur,Jaipur,26.9261,75.7883,https://example.com/media/153.jpg,News Portal,2026-08-15T12:47:03,Pending,"No official warning found for rainfall in jaipur; ordinary event, unverified.",0.5
154,Heavy Fog happening right now in Amritsar.,Fog,Punjab,Amritsar,Amritsar,31.6369,74.8677,https://example.com/media/154.jpg,Facebook,2026-08-16T12:56:32,Pending,"No official warning found for fog in amritsar; ordinary event, unverified.",0.5
155,Urgent: Heatwave situation worsening in Ahmedabad.,Heatwave,Gujarat,Ahmedabad,Ahmedabad,23.0379,72.5774,https://example.com/media/155.jpg,Instagram,2026-08-21T07:25:55,Suspicious,No official warning found for heatwave in ahmedabad; extreme event claim.,0.6
156,Heavy Heatwave happening right now in Jaipur.,Heatwave,Rajasthan,Jaipur,Jaipur,26.9287,75.7676,https://example.com/media/156.jpg,WhatsApp,2026-08-23T10:04:18,Suspicious,No official warning found for heatwave in jaipur; extreme event claim.,0.6
157,Severe Thunderstorm reported in Kolkata.,Thunderstorm,West Bengal,Kolkata,Kolkata,22.5662,88.3716,https://example.com/media/157.jpg,Twitter,2026-08-29T04:00:23,Suspicious,No official warning found for thunderstorm in kolkata; extreme event claim.,0.6
158,Multiple people affected by Fog in Jaipur.,Fog,Rajasthan,Jaipur,Jaipur,26.9241,75.798,https://example.com/media/158.jpg,News Portal,2026-08-29T05:37:42,Pending,"No official warning found for fog in jaipur; ordinary event, unverified.",0.5
159,Urgent: Dust Storm situation worsening in Mumbai.,Dust Storm,Maharashtra,Mumbai,Thane,19.063,72.877,https://example.com/media/159.jpg,Instagram,2026-08-23T10:16:00,Suspicious,No official warning found for dust storm in mumbai; extreme event claim.,0.6
160,Severe Dust Storm reported in Chennai.,Dust Storm,Tamil Nadu,Chennai,Chennai,13.1024,80.2548,https://example.com/media/160.jpg,News Portal,2026-09-02T04:33:48,Suspicious,No official warning found for dust storm in chennai; extreme event claim.,0.6
161,Local authorities responding to Fog in Jaipur.,Fog,Rajasthan,Jaipur,Jaipur,26.9309,75.7944,https://example.com/media/161.jpg,Facebook,2026-08-29T22:47:19,Pending,"No official warning found for fog in jaipur; ordinary event, unverified.",0.5
162,Urgent: Fog situation worsening in Amritsar.,Fog,Punjab,Amritsar,Amritsar,31.6502,74.8781,https://example.com/media/162.jpg,WhatsApp,2026-08-21T13:09:53,Pending,"No official warning found for fog in amritsar; ordinary event, unverified.",0.5
163,Severe Thunderstorm reported in Mumbai.,Thunderstorm,Maharashtra,Mumbai,Mumbai,19.0907,72.8762,https://example.com/media/163.jpg,WhatsApp,2026-08-27T15:10:57,Suspicious,No official warning found for thunderstorm in mumbai; extreme event claim.,0.6
164,Multiple people affected by Heatwave in Amritsar.,Heatwave,Punjab,Amritsar,Amritsar,31.6346,74.854,https://example.com/media/164.jpg,Twitter,2026-08-08T07:05:42,Suspicious,No official warning found for heatwave in amritsar; extreme event claim.,0.6
165,Local authorities responding to Strong Winds in Amritsar.,Strong Winds,Punjab,Amritsar,Amritsar,31.6283,74.8762,https://example.com/media/165.jpg,Facebook,2026-08-11T11:07:57,Pending,"No official warning found for strong winds in amritsar; ordinary event, unverified.",0.5
166,Severe Heatwave reported in Ahmedabad.,Heatwave,Gujarat,Ahmedabad,Ahmedabad,23.037,72.5912,https://example.com/media/166.jpg,Facebook,2026-09-04T09:28:47,Suspicious,No official warning found for heatwave in ahmedabad; extreme event claim.,0.6
167,Severe Thunderstorm reported in Amritsar.,Thunderstorm,Punjab,Amritsar,Amritsar,31.6237,74.891,https://example.com/media/167.jpg,WhatsApp,2026-08-20T02:29:57,Suspicious,No official warning found for thunderstorm in amritsar; extreme event claim.,0.6
168,Local authorities responding to Flood in Jaipur.,Flood,Rajasthan,Jaipur,Jaipur,26.8959,75.8026,https://example.com/media/168.jpg,News Portal,2026-08-10T05:08:22,Suspicious,No official warning found for flood in jaipur; extreme event claim.,0.6
169,Severe Rainfall reported in Mumbai.,Rainfall,Maharashtra,Mumbai,Thane,19.069,72.8815,https://example.com/media/169.jpg,Twitter,2026-08-14T13:35:20,Pending,"No official warning found for rainfall in mumbai; ordinary event, unverified.",0.5
170,Multiple people affected by Rainfall in Kolkata.,Rainfall,West Bengal,Kolkata,Howrah,22.5581,88.3598,https://example.com/media/170.jpg,Twitter,2026-09-07T01:27:19,Pending,"No official warning found for rainfall in kolkata; ordinary event, unverified.",0.5
171,Severe Thunderstorm reported in Central Delhi.,Thunderstorm,Delhi,Central Delhi,Central Delhi,28.6149,77.2187,https://example.com/media/171.jpg,News Portal,2026-08-29T18:54:26,Suspicious,No official warning found for thunderstorm in central delhi; extreme event claim.,0.6
172,Urgent: Flood situation worsening in Central Delhi.,Flood,Delhi,Central Delhi,Central Delhi,28.6158,77.2238,https://example.com/media/172.jpg,Twitter,2026-08-06T04:51:39,Suspicious,No official warning found for flood in central delhi; extreme event claim.,0.6
173,Heavy Rainfall happening right now in Amritsar.,Rainfall,Punjab,Amritsar,Amritsar,31.616,74.8834,https://example.com/media/173.jpg,WhatsApp,2026-08-07T06:54:43,Pending,"No official warning found for rainfall in amritsar; ordinary event, unverified.",0.5
174,Urgent: Dust Storm situation worsening in Jaipur.,Dust Storm,Rajasthan,Jaipur,Jaipur,26.8999,75.78,https://example.com/media/174.jpg,Facebook,2026-08-19T12:26:45,Suspicious,No official warning found for dust storm in jaipur; extreme event claim.,0.6
175,Severe Dust Storm reported in Mumbai.,Dust Storm,Maharashtra,Mumbai,Mumbai,19.0848,72.8766,https://example.com/media/175.jpg,News Portal,2026-09-02T01:25:10,Suspicious,No official warning found for dust storm in mumbai; extreme event claim.,0.6
176,Multiple people affected by Thunderstorm in Ahmedabad.,Thunderstorm,Gujarat,Ahmedabad,Ahmedabad,23.0054,72.5881,https://example.com/media/176.jpg,Instagram,2026-08-29T15:34:46,Suspicious,No official warning found for thunderstorm in ahmedabad; extreme event claim.,0.6
177,Urgent: Rainfall situation worsening in Kolkata.,Rainfall,West Bengal,Kolkata,Kolkata,22.587,88.3528,https://example.com/media/177.jpg,WhatsApp,2026-08-14T20:04:14,Pending,"No official warning found for rainfall in kolkata; ordinary event, unverified.",0.5
178,Heavy Thunderstorm happening right now in Mumbai.,Thunderstorm,Maharashtra,Mumbai,Mumbai,19.0837,72.8664,https://example.com/media/178.jpg,Instagram,2026-08-29T09:12:48,Suspicious,No official warning found for thunderstorm in mumbai; extreme event claim.,0.6
179,Severe Flood reported in Jaipur.,Flood,Rajasthan,Jaipur,Jaipur,26.9285,75.7734,https://example.com/media/179.jpg,WhatsApp,2026-08-12T02:20:08,Suspicious,No official warning found for flood in jaipur; extreme event claim.,0.6
180,Urgent: Rainfall situation worsening in Central Delhi.,Rainfall,Delhi,Central Delhi,New Delhi,28.6322,77.2176,https://example.com/media/180.jpg,Facebook,2026-08-18T07:36:30,Pending,"No official warning found for rainfall in central delhi; ordinary event, unverified.",0.5
181,Urgent: Rainfall situation worsening in Amritsar.,Rainfall,Punjab,Amritsar,Amritsar,31.6405,74.8709,https://example.com/media/181.jpg,Twitter,2026-09-06T23:51:14,Pending,"No official warning found for rainfall in amritsar; ordinary event, unverified.",0.5
182,Local authorities responding to Rainfall in Central Delhi.,Rainfall,Delhi,Central Delhi,New Delhi,28.625,77.221,https://example.com/media/182.jpg,WhatsApp,2026-08-27T16:36:15,Pending,"No official warning found for rainfall in central delhi; ordinary event, unverified.",0.5
183,Urgent: Heatwave situation worsening in Mumbai.,Heatwave,Maharashtra,Mumbai,Mumbai,19.0565,72.8695,https://example.com/media/183.jpg,Instagram,2026-08-27T12:33:32,Suspicious,No official warning found for heatwave in mumbai; extreme event claim.,0.6
184,Local authorities responding to Rainfall in Jaipur.,Rainfall,Rajasthan,Jaipur,Jaipur,26.8976,75.7977,https://example.com/media/184.jpg,WhatsApp,2026-08-19T10:05:04,Pending,"No official warning found for rainfall in jaipur; ordinary event, unverified.",0.5
185,Severe Strong Winds reported in Mumbai.,Strong Winds,Maharashtra,Mumbai,Thane,19.0937,72.8794,https://example.com/media/185.jpg,WhatsApp,2026-08-13T06:04:14,Pending,"No official warning found for strong winds in mumbai; ordinary event, unverified.",0.5
186,Severe Rainfall reported in Kolkata.,Rainfall,West Bengal,Kolkata,Howrah,22.5817,88.3622,https://example.com/media/186.jpg,Twitter,2026-08-11T04:52:48,Pending,"No official warning found for rainfall in kolkata; ordinary event, unverified.",0.5
187,Urgent: Strong Winds situation worsening in Central Delhi.,Strong Winds,Delhi,Central Delhi,New Delhi,28.6277,77.1906,https://example.com/media/187.jpg,News Portal,2026-08-26T19:21:19,Pending,"No official warning found for strong winds in central delhi; ordinary event, unverified.",0.5
188,Severe Fog reported in Jaipur.,Fog,Rajasthan,Jaipur,Jaipur,26.9306,75.7739,https://example.com/media/188.jpg,Facebook,2026-08-23T17:34:06,Pending,"No official warning found for fog in jaipur; ordinary event, unverified.",0.5
189,Urgent: Fog situation worsening in Mumbai.,Fog,Maharashtra,Mumbai,Mumbai,19.0603,72.8592,https://example.com/media/189.jpg,WhatsApp,2026-09-06T01:27:50,Pending,"No official warning found for fog in mumbai; ordinary event, unverified.",0.5
190,Heavy Fog happening right now in Amritsar.,Fog,Punjab,Amritsar,Amritsar,31.6218,74.8808,https://example.com/media/190.jpg,WhatsApp,2026-09-08T11:24:28,Pending,"No official warning found for fog in amritsar; ordinary event, unverified.",0.5
191,Heavy Fog happening right now in Central Delhi.,Fog,Delhi,Central Delhi,New Delhi,28.6217,77.2114,https://example.com/media/191.jpg,Facebook,2026-08-28T04:10:13,Pending,"No official warning found for fog in central delhi; ordinary event, unverified.",0.5
192,Severe Thunderstorm reported in Ahmedabad.,Thunderstorm,Gujarat,Ahmedabad,Gandhinagar,23.023,72.572,https://example.com/media/192.jpg,WhatsApp,2026-08-26T06:37:14,Suspicious,No official warning found for thunderstorm in ahmedabad; extreme event claim.,0.6
193,Urgent: Thunderstorm situation worsening in Chennai.,Thunderstorm,Tamil Nadu,Chennai,Chennai,13.0696,80.277,https://example.com/media/193.jpg,News Portal,2026-08-29T14:54:09,Suspicious,No official warning found for thunderstorm in chennai; extreme event claim.,0.6
194,Multiple people affected by Dust Storm in Central Delhi.,Dust Storm,Delhi,Central Delhi,Central Delhi,28.608,77.2127,https://example.com/media/194.jpg,News Portal,2026-08-19T03:00:27,Suspicious,No official warning found for dust storm in central delhi; extreme event claim.,0.6
195,Local authorities responding to Thunderstorm in Jaipur.,Thunderstorm,Rajasthan,Jaipur,Jaipur,26.9128,75.7843,https://example.com/media/195.jpg,Instagram,2026-09-01T00:13:32,Suspicious,No official warning found for thunderstorm in jaipur; extreme event claim.,0.6
196,Urgent: Dust Storm situation worsening in Mumbai.,Dust Storm,Maharashtra,Mumbai,Mumbai,19.0684,72.8953,https://example.com/media/196.jpg,Instagram,2026-08-31T17:44:04,Suspicious,No official warning found for dust storm in mumbai; extreme event claim.,0.6
197,Urgent: Strong Winds situation worsening in Mumbai.,Strong Winds,Maharashtra,Mumbai,Mumbai,19.0675,72.8901,https://example.com/media/197.jpg,WhatsApp,2026-09-05T11:18:58,Pending,"No official warning found for strong winds in mumbai; ordinary event, unverified.",0.5
198,Multiple people affected by Dust Storm in Amritsar.,Dust Storm,Punjab,Amritsar,Amritsar,31.6529,74.8729,https://example.com/media/198.jpg,Instagram,2026-09-05T04:59:34,Suspicious,No official warning found for dust storm in amritsar; extreme event claim.,0.6
199,Heavy Thunderstorm happening right now in Jaipur.,Thunderstorm,Rajasthan,Jaipur,Jaipur,26.9225,75.7935,https://example.com/media/199.jpg,Instagram,2026-08-26T22:14:55,Suspicious,No official warning found for thunderstorm in jaipur; extreme event claim.,0.6
200,Local authorities responding to Thunderstorm in Jaipur.,Thunderstorm,Rajasthan,Jaipur,Jaipur,26.9024,75.7881,https://example.com/media/200.jpg,News Portal,2026-08-05T19:10:58,Suspicious,No official warning found for thunderstorm in jaipur; extreme event claim.,0.6
