id,text,eventType,state,district,city,lat,lon,mediaUrl,source,timestamp,verificationStatus,verificationReason,confidence,ml_credibility_score
1,Local authorities responding to Heatwave in Central Delhi.,Heatwave,Delhi,Central Delhi,New Delhi,28.6101,77.2174,https://example.com/media/1.jpg,News Portal,2026-09-06T11:46:23,Verified,Matches official warning(s) for heatwave in central delhi.,0.9,0.737875959880296
2,Multiple people affected by Strong Winds in Chennai.,Strong Winds,Tamil Nadu,Chennai,Chennai,13.0729,80.2554,https://example.com/media/2.jpg,Facebook,2026-09-08T12:08:47,Verified,Matches official warning(s) for strong winds in chennai.,0.9,0.7956711401045303
3,Urgent: Heatwave situation worsening in Central Delhi.,Heatwave,Delhi,Central Delhi,Central Delhi,28.5958,77.2036,https://example.com/media/3.jpg,News Portal,2026-09-06T16:39:41,Verified,Matches official warning(s) for heatwave in central delhi.,0.9,0.591386555647102
4,Local authorities responding to Flood in Ahmedabad.,Flood,Gujarat,Ahmedabad,Ahmedabad,23.0145,72.5904,https://example.com/media/4.jpg,Facebook,2026-09-05T17:08:25,Verified,Matches official warning(s) for flood in ahmedabad.,0.9,0.6872168401613726
5,Local authorities responding to Fog in Amritsar.,Fog,Punjab,Amritsar,Amritsar,31.6294,74.8802,https://example.com/media/5.jpg,Twitter,2026-09-02T06:56:17,Verified,Matches official warning(s) for fog in amritsar.,0.9,0.6858093892462295
6,Severe Rainfall reported in Mumbai.,Rainfall,Maharashtra,Mumbai,Mumbai,19.0717,72.8666,https://example.com/media/6.jpg,News Portal,2026-09-03T18:56:10,Verified,Matches official warning(s) for rainfall in mumbai.,0.9,0.6676442041491926
7,Severe Rainfall reported in Mumbai.,Rainfall,Maharashtra,Mumbai,Mumbai,19.0893,72.8912,https://example.com/media/7.jpg,WhatsApp,2026-09-03T08:38:12,Verified,Matches official warning(s) for rainfall in mumbai.,0.9,0.6676442041491926
8,Urgent: Thunderstorm situation worsening in Kolkata.,Thunderstorm,West Bengal,Kolkata,Howrah,22.5894,88.3552,https://example.com/media/8.jpg,Facebook,2026-09-04T18:24:11,Verified,Matches official warning(s) for thunderstorm in kolkata.,0.9,0.4930770663204395
9,Urgent: Thunderstorm situation worsening in Kolkata.,Thunderstorm,West Bengal,Kolkata,Howrah,22.5598,88.365,https://example.com/media/9.jpg,Twitter,2026-09-04T19:51:36,Verified,Matches official warning(s) for thunderstorm in kolkata.,0.9,0.4930770663204395
10,Urgent: Fog situation worsening in Amritsar.,Fog,Punjab,Amritsar,Amritsar,31.6303,74.8723,https://example.com/media/10.jpg,News Portal,2026-09-02T07:55:39,Verified,Matches official warning(s) for fog in amritsar.,0.9,0.6211803014367919
11,Multiple people affected by Fog in Amritsar.,Fog,Punjab,Amritsar,Amritsar,31.6538,74.8653,https://example.com/media/11.jpg,WhatsApp,2026-09-02T06:43:13,Verified,Matches official warning(s) for fog in amritsar.,0.9,0.6900265146173761
12,Urgent: Heatwave situation worsening in Central Delhi.,Heatwave,Delhi,Central Delhi,New Delhi,28.6153,77.2022,https://example.com/media/12.jpg,Twitter,2026-09-06T16:12:41,Verified,Matches official warning(s) for heatwave in central delhi.,0.9,0.591386555647102
13,Multiple people affected by Thunderstorm in Kolkata.,Thunderstorm,West Bengal,Kolkata,Howrah,22.5676,88.3822,https://example.com/media/13.jpg,Facebook,2026-09-04T16:54:21,Verified,Matches official warning(s) for thunderstorm in kolkata.,0.9,0.6780089631182333
14,Local authorities responding to Thunderstorm in Kolkata.,Thunderstorm,West Bengal,Kolkata,Howrah,22.5888,88.3459,https://example.com/media/14.jpg,News Portal,2026-09-04T19:49:47,Verified,Matches official warning(s) for thunderstorm in kolkata.,0.9,0.6598097166403365
15,Local authorities responding to Thunderstorm in Kolkata.,Thunderstorm,West Bengal,Kolkata,Howrah,22.5909,88.3716,https://example.com/media/15.jpg,Instagram,2026-09-04T19:19:47,Verified,Matches official warning(s) for thunderstorm in kolkata.,0.9,0.6598097166403365
16,Multiple people affected by Thunderstorm in Kolkata.,Thunderstorm,West Bengal,Kolkata,Kolkata,22.5681,88.354,https://example.com/media/16.jpg,Facebook,2026-09-04T15:48:45,Verified,Matches official warning(s) for thunderstorm in kolkata.,0.9,0.6780089631182333
17,Urgent: Fog situation worsening in Amritsar.,Fog,Punjab,Amritsar,Amritsar,31.6511,74.867,https://example.com/media/17.jpg,Instagram,2026-09-02T07:38:30,Verified,Matches official warning(s) for fog in amritsar.,0.9,0.6211803014367919
18,Severe Dust Storm reported in Jaipur.,Dust Storm,Rajasthan,Jaipur,Jaipur,26.9018,75.7903,https://example.com/media/18.jpg,Instagram,2026-09-07T16:49:40,Verified,Matches official warning(s) for dust storm in jaipur.,0.9,0.2619797778753388
19,Severe Thunderstorm reported in Kolkata.,Thunderstorm,West Bengal,Kolkata,Kolkata,22.5885,88.3751,https://example.com/media/19.jpg,Facebook,2026-09-04T19:33:03,Verified,Matches official warning(s) for thunderstorm in kolkata.,0.9,0.4923349378993361
20,Multiple people affected by Rainfall in Mumbai.,Rainfall,Maharashtra,Mumbai,Thane,19.0638,72.8687,https://example.com/media/20.jpg,Facebook,2026-09-03T19:44:42,Verified,Matches official warning(s) for rainfall in mumbai.,0.9,0.752517862228704
21,Heavy Thunderstorm happening right now in Kolkata.,Thunderstorm,West Bengal,Kolkata,Kolkata,22.5751,88.3682,https://example.com/media/21.jpg,Instagram,2026-09-04T17:22:15,Verified,Matches official warning(s) for thunderstorm in kolkata.,0.9,0.6319547629672495
22,Severe Dust Storm reported in Jaipur.,Dust Storm,Rajasthan,Jaipur,Jaipur,26.8979,75.8004,https://example.com/media/22.jpg,Instagram,2026-09-07T16:35:35,Verified,Matches official warning(s) for dust storm in jaipur.,0.9,0.2619797778753388
23,Heavy Fog happening right now in Amritsar.,Fog,Punjab,Amritsar,Amritsar,31.6233,74.892,https://example.com/media/23.jpg,Twitter,2026-09-02T07:39:23,Verified,Matches official warning(s) for fog in amritsar.,0.9,0.6518913365677934
24,Urgent: Strong Winds situation worsening in Chennai.,Strong Winds,Tamil Nadu,Chennai,Chennai,13.0627,80.2511,https://example.com/media/24.jpg,WhatsApp,2026-09-08T16:27:43,Verified,Matches official warning(s) for strong winds in chennai.,0.9,0.7008984943887714
25,Heavy Thunderstorm happening right now in Kolkata.,Thunderstorm,West Bengal,Kolkata,Howrah,22.5896,88.3729,https://example.com/media/25.jpg,Facebook,2026-09-04T14:51:16,Verified,Matches official warning(s) for thunderstorm in kolkata.,0.9,0.6319547629672495
26,Urgent: Flood situation worsening in Ahmedabad.,Flood,Gujarat,Ahmedabad,Ahmedabad,23.0174,72.5595,https://example.com/media/26.jpg,Twitter,2026-09-05T12:18:19,Verified,Matches official warning(s) for flood in ahmedabad.,0.9,0.4742282553338877
27,Urgent: Fog situation worsening in Amritsar.,Fog,Punjab,Amritsar,Amritsar,31.633,74.8586,https://example.com/media/27.jpg,WhatsApp,2026-09-02T08:55:06,Verified,Matches official warning(s) for fog in amritsar.,0.9,0.6211803014367919
28,Local authorities responding to Dust Storm in Jaipur.,Dust Storm,Rajasthan,Jaipur,Jaipur,26.8948,75.7933,https://example.com/media/28.jpg,Twitter,2026-09-07T18:46:52,Verified,Matches official warning(s) for dust storm in jaipur.,0.9,0.5466890024062144
29,Heavy Flood happening right now in Ahmedabad.,Flood,Gujarat,Ahmedabad,Gandhinagar,23.0168,72.5909,https://example.com/media/29.jpg,Facebook,2026-09-05T11:29:51,Verified,Matches official warning(s) for flood in ahmedabad.,0.9,0.5633464896467616
30,Urgent: Flood situation worsening in Ahmedabad.,Flood,Gujarat,Ahmedabad,Gandhinagar,23.0358,72.5871,https://example.com/media/30.jpg,Instagram,2026-09-05T17:43:08,Verified,Matches official warning(s) for flood in ahmedabad.,0.9,0.4742282553338877
31,Heavy Thunderstorm happening right now in Kolkata.,Thunderstorm,West Bengal,Kolkata,Howrah,22.5673,88.3822,https://example.com/media/31.jpg,Instagram,2026-09-04T15:45:49,Verified,Matches official warning(s) for thunderstorm in kolkata.,0.9,0.6319547629672495
32,Heavy Thunderstorm happening right now in Kolkata.,Thunderstorm,West Bengal,Kolkata,Howrah,22.5911,88.3549,https://example.com/media/32.jpg,Twitter,2026-09-04T19:28:00,Verified,Matches official warning(s) for thunderstorm in kolkata.,0.9,0.6319547629672495
33,Urgent: Flood situation worsening in Ahmedabad.,Flood,Gujarat,Ahmedabad,Ahmedabad,23.0271,72.5748,https://example.com/media/33.jpg,WhatsApp,2026-09-05T17:52:20,Verified,Matches official warning(s) for flood in ahmedabad.,0.9,0.4742282553338877
34,Local authorities responding to Thunderstorm in Kolkata.,Thunderstorm,West Bengal,Kolkata,Kolkata,22.5637,88.3704,https://example.com/media/34.jpg,WhatsApp,2026-09-04T15:07:39,Verified,Matches official warning(s) for thunderstorm in kolkata.,0.9,0.6598097166403365
35,Severe Heatwave reported in Central Delhi.,Heatwave,Delhi,Central Delhi,Central Delhi,28.6029,77.2235,https://example.com/media/35.jpg,News Portal,2026-09-06T12:31:04,Verified,Matches official warning(s) for heatwave in central delhi.,0.9,0.5915705789115018
36,Severe Fog reported in Amritsar.,Fog,Punjab,Amritsar,Amritsar,31.6465,74.8581,https://example.com/media/36.jpg,Twitter,2026-09-02T09:29:29,Verified,Matches official warning(s) for fog in amritsar.,0.9,0.6074518437844743
37,Severe Thunderstorm reported in Kolkata.,Thunderstorm,West Bengal,Kolkata,Kolkata,22.5587,88.3723,https://example.com/media/37.jpg,Instagram,2026-09-04T15:30:21,Verified,Matches official warning(s) for thunderstorm in kolkata.,0.9,0.4923349378993361
38,Severe Fog reported in Amritsar.,Fog,Punjab,Amritsar,Amritsar,31.6492,74.8749,https://example.com/media/38.jpg,Facebook,2026-09-02T05:10:55,Verified,Matches official warning(s) for fog in amritsar.,0.9,0.6074518437844743
39,Heavy Heatwave happening right now in Central Delhi.,Heatwave,Delhi,Central Delhi,Central Delhi,28.6217,77.2082,https://example.com/media/39.jpg,News Portal,2026-09-06T13:24:19,Verified,Matches official warning(s) for heatwave in central delhi.,0.9,0.6170176129770619
40,Heavy Rainfall happening right now in Mumbai.,Rainfall,Maharashtra,Mumbai,Mumbai,19.0587,72.8975,https://example.com/media/40.jpg,Twitter,2026-09-03T10:07:35,Verified,Matches official warning(s) for rainfall in mumbai.,0.9,0.6570710337153354
41,Multiple people affected by Rainfall in Mumbai.,Rainfall,Maharashtra,Mumbai,Mumbai,19.0761,72.8594,https://example.com/media/41.jpg,Facebook,2026-09-03T11:33:33,Verified,Matches official warning(s) for rainfall in mumbai.,0.9,0.752517862228704
42,Multiple people affected by Strong Winds in Chennai.,Strong Winds,Tamil Nadu,Chennai,Chennai,13.0974,80.2634,https://example.com/media/42.jpg,News Portal,2026-09-08T13:12:49,Verified,Matches official warning(s) for strong winds in chennai.,0.9,0.7956711401045303
43,Heavy Heatwave happening right now in Central Delhi.,Heatwave,Delhi,Central Delhi,New Delhi,28.5978,77.2009,https://example.com/media/43.jpg,Instagram,2026-09-06T14:09:14,Verified,Matches official warning(s) for heatwave in central delhi.,0.9,0.6170176129770619
44,Multiple people affected by Fog in Amritsar.,Fog,Punjab,Amritsar,Amritsar,31.6205,74.8527,https://example.com/media/44.jpg,News Portal,2026-09-02T06:03:48,Verified,Matches official warning(s) for fog in amritsar.,0.9,0.6900265146173761
45,Urgent: Thunderstorm situation worsening in Kolkata.,Thunderstorm,West Bengal,Kolkata,Howrah,22.5758,88.3775,https://example.com/media/45.jpg,WhatsApp,2026-09-04T18:30:27,Verified,Matches official warning(s) for thunderstorm in kolkata.,0.9,0.4930770663204395
46,Multiple people affected by Heatwave in Central Delhi.,Heatwave,Delhi,Central Delhi,Central Delhi,28.6143,77.1971,https://example.com/media/46.jpg,News Portal,2026-09-06T15:59:26,Verified,Matches official warning(s) for heatwave in central delhi.,0.9,0.6966355678510565
47,Heavy Thunderstorm happening right now in Kolkata.,Thunderstorm,West Bengal,Kolkata,Kolkata,22.5614,88.3779,https://example.com/media/47.jpg,News Portal,2026-09-04T17:13:50,Verified,Matches official warning(s) for thunderstorm in kolkata.,0.9,0.6319547629672495
48,Urgent: Strong Winds situation worsening in Chennai.,Strong Winds,Tamil Nadu,Chennai,Chennai,13.0934,80.2749,https://example.com/media/48.jpg,Twitter,2026-09-08T15:41:38,Verified,Matches official warning(s) for strong winds in chennai.,0.9,0.7008984943887714
49,Urgent: Strong Winds situation worsening in Chennai.,Strong Winds,Tamil Nadu,Chennai,Chennai,13.0821,80.276,https://example.com/media/49.jpg,WhatsApp,2026-09-08T12:24:49,Verified,Matches official warning(s) for strong winds in chennai.,0.9,0.7008984943887714
50,Heavy Fog happening right now in Amritsar.,Fog,Punjab,Amritsar,Amritsar,31.6325,74.86,https://example.com/media/50.jpg,Facebook,2026-09-02T07:46:24,Verified,Matches official warning(s) for fog in amritsar.,0.9,0.6518913365677934
51,Severe Flood reported in Ahmedabad.,Flood,Gujarat,Ahmedabad,Gandhinagar,23.006,72.577,https://example.com/media/51.jpg,WhatsApp,2026-09-05T13:40:54,Verified,Matches official warning(s) for flood in ahmedabad.,0.9,0.47823043349168226
52,Urgent: Dust Storm situation worsening in Jaipur.,Dust Storm,Rajasthan,Jaipur,Jaipur,26.9041,75.7703,https://example.com/media/52.jpg,Facebook,2026-09-07T16:50:40,Verified,Matches official warning(s) for dust storm in jaipur.,0.9,0.2805589641888411
53,Local authorities responding to Fog in Amritsar.,Fog,Punjab,Amritsar,Amritsar,31.6374,74.8657,https://example.com/media/53.jpg,WhatsApp,2026-09-02T07:48:09,Verified,Matches official warning(s) for fog in amritsar.,0.9,0.6858093892462295
54,Heavy Thunderstorm happening right now in Kolkata.,Thunderstorm,West Bengal,Kolkata,Kolkata,22.5529,88.3439,https://example.com/media/54.jpg,WhatsApp,2026-09-04T18:37:57,Verified,Matches official warning(s) for thunderstorm in kolkata.,0.9,0.6319547629672495
55,Urgent: Strong Winds situation worsening in Chennai.,Strong Winds,Tamil Nadu,Chennai,Chennai,13.0749,80.264,https://example.com/media/55.jpg,Twitter,2026-09-08T17:58:28,Verified,Matches official warning(s) for strong winds in chennai.,0.9,0.7008984943887714
56,Severe Fog reported in Amritsar.,Fog,Punjab,Amritsar,Amritsar,31.6474,74.8543,https://example.com/media/56.jpg,News Portal,2026-09-02T07:09:50,Verified,Matches official warning(s) for fog in amritsar.,0.9,0.6074518437844743
57,Urgent: Strong Winds situation worsening in Chennai.,Strong Winds,Tamil Nadu,Chennai,Chennai,13.081,80.2868,https://example.com/media/57.jpg,WhatsApp,2026-09-08T12:25:00,Verified,Matches official warning(s) for strong winds in chennai.,0.9,0.7008984943887714
58,Local authorities responding to Thunderstorm in Kolkata.,Thunderstorm,West Bengal,Kolkata,Kolkata,22.5565,88.3619,https://example.com/media/58.jpg,News Portal,2026-09-04T16:44:13,Verified,Matches official warning(s) for thunderstorm in kolkata.,0.9,0.6598097166403365
59,Multiple people affected by Dust Storm in Jaipur.,Dust Storm,Rajasthan,Jaipur,Jaipur,26.8935,75.7905,https://example.com/media/59.jpg,News Portal,2026-09-07T15:28:56,Verified,Matches official warning(s) for dust storm in jaipur.,0.9,0.5491850550096192
60,Heavy Flood happening right now in Ahmedabad.,Flood,Gujarat,Ahmedabad,Ahmedabad,23.0322,72.5583,https://example.com/media/60.jpg,Facebook,2026-09-05T15:45:32,Verified,Matches official warning(s) for flood in ahmedabad.,0.9,0.5633464896467616
61,Multiple people affected by Heatwave in Central Delhi.,Heatwave,Delhi,Central Delhi,Central Delhi,28.6274,77.1923,https://example.com/media/61.jpg,News Portal,2026-09-06T11:04:28,Verified,Matches official warning(s) for heatwave in central delhi.,0.9,0.6966355678510565
62,Urgent: Heatwave situation worsening in Central Delhi.,Heatwave,Delhi,Central Delhi,New Delhi,28.6142,77.221,https://example.com/media/62.jpg,Facebook,2026-09-06T11:21:23,Verified,Matches official warning(s) for heatwave in central delhi.,0.9,0.591386555647102
63,Severe Fog reported in Amritsar.,Fog,Punjab,Amritsar,Amritsar,31.6424,74.8901,https://example.com/media/63.jpg,Twitter,2026-09-02T07:29:12,Verified,Matches official warning(s) for fog in amritsar.,0.9,0.6074518437844743
64,Urgent: Rainfall situation worsening in Mumbai.,Rainfall,Maharashtra,Mumbai,Mumbai,19.0622,72.8708,https://example.com/media/64.jpg,Facebook,2026-09-03T12:15:57,Verified,Matches official warning(s) for rainfall in mumbai.,0.9,0.5680001206843617
65,Multiple people affected by Strong Winds in Chennai.,Strong Winds,Tamil Nadu,Chennai,Chennai,13.0761,80.2827,https://example.com/media/65.jpg,Facebook,2026-09-08T13:21:31,Verified,Matches official warning(s) for strong winds in chennai.,0.9,0.7956711401045303
66,Severe Strong Winds reported in Chennai.,Strong Winds,Tamil Nadu,Chennai,Chennai,13.0956,80.2697,https://example.com/media/66.jpg,WhatsApp,2026-09-08T12:51:02,Verified,Matches official warning(s) for strong winds in chennai.,0.9,0.7050141803359107
67,Heavy Fog happening right now in Amritsar.,Fog,Punjab,Amritsar,Amritsar,31.6152,74.872,https://example.com/media/67.jpg,Instagram,2026-09-02T05:40:46,Verified,Matches official warning(s) for fog in amritsar.,0.9,0.6518913365677934
68,Heavy Dust Storm happening right now in Jaipur.,Dust Storm,Rajasthan,Jaipur,Jaipur,26.9045,75.7887,https://example.com/media/68.jpg,WhatsApp,2026-09-07T15:36:03,Verified,Matches official warning(s) for dust storm in jaipur.,0.9,0.3105301480650323
69,Heavy Fog happening right now in Amritsar.,Fog,Punjab,Amritsar,Amritsar,31.6168,74.8584,https://example.com/media/69.jpg,Twitter,2026-09-02T08:36:20,Verified,Matches official warning(s) for fog in amritsar.,0.9,0.6518913365677934
70,Heavy Heatwave happening right now in Central Delhi.,Heatwave,Delhi,Central Delhi,New Delhi,28.619,77.1966,https://example.com/media/70.jpg,Instagram,2026-09-06T13:32:38,Verified,Matches official warning(s) for heatwave in central delhi.,0.9,0.6170176129770619
71,Severe Fog reported in Jaipur.,Fog,Rajasthan,Jaipur,Jaipur,26.8935,75.7911,https://example.com/media/71.jpg,Twitter,2026-08-16T11:48:29,Unverified,No matching ground truth event found for fog in jaipur.,0.5,0.6131515555613972
72,Urgent: Rainfall situation worsening in Mumbai.,Rainfall,Maharashtra,Mumbai,Mumbai,19.0891,72.8583,https://example.com/media/72.jpg,WhatsApp,2026-09-06T20:51:06,Unverified,"Location matches, but timestamp outside event window for rainfall in mumbai.",0.6,0.5680001206843617
73,Local authorities responding to Strong Winds in Central Delhi.,Strong Winds,Delhi,Central Delhi,Central Delhi,28.6079,77.1924,https://example.com/media/73.jpg,Twitter,2026-08-17T10:01:55,Unverified,No matching ground truth event found for strong winds in central delhi.,0.5,0.8211648551350564
74,Urgent: Rainfall situation worsening in Jaipur.,Rainfall,Rajasthan,Jaipur,Jaipur,26.9246,75.7955,https://example.com/media/74.jpg,Instagram,2026-08-06T19:50:31,Unverified,No matching ground truth event found for rainfall in jaipur.,0.5,0.598731372306223
75,Urgent: Rainfall situation worsening in Jaipur.,Rainfall,Rajasthan,Jaipur,Jaipur,26.9102,75.7841,https://example.com/media/75.jpg,Facebook,2026-08-14T09:41:34,Unverified,No matching ground truth event found for rainfall in jaipur.,0.5,0.598731372306223
76,Severe Strong Winds reported in Central Delhi.,Strong Winds,Delhi,Central Delhi,New Delhi,28.632,77.1931,https://example.com/media/76.jpg,Facebook,2026-08-07T17:18:25,Unverified,No matching ground truth event found for strong winds in central delhi.,0.5,0.7693499228748637
77,Local authorities responding to Strong Winds in Kolkata.,Strong Winds,West Bengal,Kolkata,Kolkata,22.5865,88.3838,https://example.com/media/77.jpg,Facebook,2026-08-09T10:32:37,Unverified,No matching ground truth event found for strong winds in kolkata.,0.5,0.8381874181825963
78,Severe Flood reported in Amritsar.,Flood,Punjab,Amritsar,Amritsar,31.6312,74.8669,https://example.com/media/78.jpg,Twitter,2026-08-31T03:55:37,Misinformation,No matching ground truth event and low ML credibility score.,0.7,0.38031596315671723
79,Heavy Rainfall happening right now in Ahmedabad.,Rainfall,Gujarat,Ahmedabad,Ahmedabad,23.0026,72.5787,https://example.com/media/79.jpg,WhatsApp,2026-08-25T01:07:07,Unverified,No matching ground truth event found for rainfall in ahmedabad.,0.5,0.6993909106418736
80,Heavy Heatwave happening right now in Amritsar.,Heatwave,Punjab,Amritsar,Amritsar,31.6484,74.865,https://example.com/media/80.jpg,Facebook,2026-08-17T11:16:53,Unverified,No matching ground truth event found for heatwave in amritsar.,0.5,0.49080393939390143
81,Urgent: Thunderstorm situation worsening in Kolkata.,Thunderstorm,West Bengal,Kolkata,Kolkata,22.5681,88.344,https://example.com/media/81.jpg,WhatsApp,2026-08-11T22:35:08,Unverified,"Location matches, but timestamp outside event window for thunderstorm in kolkata.",0.6,0.4930770663204395
82,Heavy Rainfall happening right now in Ahmedabad.,Rainfall,Gujarat,Ahmedabad,Gandhinagar,23.0412,72.5836,https://example.com/media/82.jpg,WhatsApp,2026-08-09T06:32:43,Unverified,No matching ground truth event found for rainfall in ahmedabad.,0.5,0.6993909106418736
83,Heavy Flood happening right now in Mumbai.,Flood,Maharashtra,Mumbai,Mumbai,19.0587,72.8613,https://example.com/media/83.jpg,News Portal,2026-08-11T22:15:05,Unverified,No matching ground truth event found for flood in mumbai.,0.5,0.5100445692628505
84,Multiple people affected by Thunderstorm in Jaipur.,Thunderstorm,Rajasthan,Jaipur,Jaipur,26.8974,75.8056,https://example.com/media/84.jpg,Facebook,2026-08-30T13:24:42,Unverified,No matching ground truth event found for thunderstorm in jaipur.,0.5,0.4660162640833561
85,Local authorities responding to Heatwave in Mumbai.,Heatwave,Maharashtra,Mumbai,Mumbai,19.0778,72.8719,https://example.com/media/85.jpg,News Portal,2026-08-29T03:09:33,Unverified,No matching ground truth event found for heatwave in mumbai.,0.5,0.6357340181643236
86,Severe Flood reported in Kolkata.,Flood,West Bengal,Kolkata,Kolkata,22.5871,88.3808,https://example.com/media/86.jpg,News Portal,2026-08-13T18:17:33,Unverified,No matching ground truth event found for flood in kolkata.,0.5,0.5193300747446565
87,Severe Flood reported in Central Delhi.,Flood,Delhi,Central Delhi,Central Delhi,28.6026,77.223,https://example.com/media/87.jpg,News Portal,2026-08-13T23:45:29,Unverified,No matching ground truth event found for flood in central delhi.,0.5,0.538038207577792
88,Multiple people affected by Rainfall in Ahmedabad.,Rainfall,Gujarat,Ahmedabad,Gandhinagar,23.0412,72.5641,https://example.com/media/88.jpg,Twitter,2026-08-17T12:20:30,Unverified,No matching ground truth event found for rainfall in ahmedabad.,0.5,0.7741559953515027
89,Heavy Heatwave happening right now in Central Delhi.,Heatwave,Delhi,Central Delhi,Central Delhi,28.597,77.2163,https://example.com/media/89.jpg,Facebook,2026-08-19T19:46:57,Unverified,"Location matches, but timestamp outside event window for heatwave in central delhi.",0.6,0.6170176129770619
90,Multiple people affected by Flood in Chennai.,Flood,Tamil Nadu,Chennai,Chennai,13.085,80.2653,https://example.com/media/90.jpg,Twitter,2026-08-30T20:55:59,Unverified,No matching ground truth event found for flood in chennai.,0.5,0.6273020000199957
91,Severe Thunderstorm reported in Ahmedabad.,Thunderstorm,Gujarat,Ahmedabad,Gandhinagar,23.0243,72.5856,https://example.com/media/91.jpg,Facebook,2026-08-17T02:55:11,Unverified,No matching ground truth event found for thunderstorm in ahmedabad.,0.5,0.4501642511430682
92,Multiple people affected by Dust Storm in Central Delhi.,Dust Storm,Delhi,Central Delhi,New Delhi,28.6095,77.2166,https://example.com/media/92.jpg,Instagram,2026-08-21T15:03:18,Unverified,No matching ground truth event found for dust storm in central delhi.,0.5,0.49007364350200133
93,Multiple people affected by Flood in Central Delhi.,Flood,Delhi,Central Delhi,Central Delhi,28.6309,77.2282,https://example.com/media/93.jpg,Twitter,2026-08-23T19:38:51,Unverified,No matching ground truth event found for flood in central delhi.,0.5,0.617029102791143
94,Urgent: Flood situation worsening in Mumbai.,Flood,Maharashtra,Mumbai,Mumbai,19.0869,72.8967,https://example.com/media/94.jpg,WhatsApp,2026-09-05T01:16:11,Misinformation,No matching ground truth event and low ML credibility score.,0.7,0.39581334679563357
95,Heavy Strong Winds happening right now in Ahmedabad.,Strong Winds,Gujarat,Ahmedabad,Gandhinagar,23.032,72.5601,https://example.com/media/95.jpg,Instagram,2026-08-27T06:59:44,Unverified,No matching ground truth event found for strong winds in ahmedabad.,0.5,0.758419090654233
96,Local authorities responding to Flood in Chennai.,Flood,Tamil Nadu,Chennai,Chennai,13.0921,80.2802,https://example.com/media/96.jpg,Instagram,2026-08-29T13:33:22,Unverified,No matching ground truth event found for flood in chennai.,0.5,0.561446192268956
97,Urgent: Dust Storm situation worsening in Chennai.,Dust Storm,Tamil Nadu,Chennai,Chennai,13.072,80.2616,https://example.com/media/97.jpg,Facebook,2026-08-28T16:24:26,Misinformation,No matching ground truth event and low ML credibility score.,0.7,0.28218852445404186
98,Severe Rainfall reported in Ahmedabad.,Rainfall,Gujarat,Ahmedabad,Ahmedabad,23.0068,72.5866,https://example.com/media/98.jpg,Facebook,2026-08-20T19:01:48,Unverified,No matching ground truth event found for rainfall in ahmedabad.,0.5,0.7284621049344419
99,Multiple people affected by Fog in Ahmedabad.,Fog,Gujarat,Ahmedabad,Gandhinagar,23.0051,72.5751,https://example.com/media/99.jpg,WhatsApp,2026-08-24T12:18:49,Unverified,No matching ground truth event found for fog in ahmedabad.,0.5,0.7574814364126985
100,Heavy Strong Winds happening right now in Central Delhi.,Strong Winds,Delhi,Central Delhi,Central Delhi,28.6177,77.1987,https://example.com/media/100.jpg,News Portal,2026-08-25T10:57:23,Unverified,No matching ground truth event found for strong winds in central delhi.,0.5,0.7817934774439479
101,Multiple people affected by Fog in Ahmedabad.,Fog,Gujarat,Ahmedabad,Gandhinagar,23.0142,72.5802,https://example.com/media/101.jpg,WhatsApp,2026-09-08T15:27:27,Unverified,No matching ground truth event found for fog in ahmedabad.,0.5,0.7574814364126985
102,Severe Flood reported in Jaipur.,Flood,Rajasthan,Jaipur,Jaipur,26.9203,75.782,https://example.com/media/102.jpg,News Portal,2026-08-19T03:00:30,Misinformation,No matching ground truth event and low ML credibility score.,0.7,0.3912351056553518
103,Severe Rainfall reported in Central Delhi.,Rainfall,Delhi,Central Delhi,New Delhi,28.624,77.2229,https://example.com/media/103.jpg,Instagram,2026-08-23T12:17:04,Unverified,No matching ground truth event found for rainfall in central delhi.,0.5,0.7591692903868943
104,Local authorities responding to Thunderstorm in Jaipur.,Thunderstorm,Rajasthan,Jaipur,Jaipur,26.8983,75.7903,https://example.com/media/104.jpg,WhatsApp,2026-08-26T10:23:19,Unverified,No matching ground truth event found for thunderstorm in jaipur.,0.5,0.430650741269017
105,Urgent: Heatwave situation worsening in Kolkata.,Heatwave,West Bengal,Kolkata,Kolkata,22.5839,88.3587,https://example.com/media/105.jpg,News Portal,2026-08-15T00:01:14,Unverified,No matching ground truth event found for heatwave in kolkata.,0.5,0.5849095737636663
106,Urgent: Dust Storm situation worsening in Chennai.,Dust Storm,Tamil Nadu,Chennai,Chennai,13.0941,80.2691,https://example.com/media/106.jpg,WhatsApp,2026-08-19T17:38:26,Misinformation,No matching ground truth event and low ML credibility score.,0.7,0.28218852445404186
107,Urgent: Thunderstorm situation worsening in Jaipur.,Thunderstorm,Rajasthan,Jaipur,Jaipur,26.9134,75.7751,https://example.com/media/107.jpg,Twitter,2026-08-07T21:16:01,Unverified,No matching ground truth event found for thunderstorm in jaipur.,0.5,0.4039537553025318
108,Severe Rainfall reported in Chennai.,Rainfall,Tamil Nadu,Chennai,Chennai,13.0811,80.2621,https://example.com/media/108.jpg,WhatsApp,2026-08-12T14:18:28,Unverified,No matching ground truth event found for rainfall in chennai.,0.5,0.6807683231694673
109,Local authorities responding to Strong Winds in Ahmedabad.,Strong Winds,Gujarat,Ahmedabad,Ahmedabad,23.0058,72.5669,https://example.com/media/109.jpg,Twitter,2026-08-06T16:54:41,Unverified,No matching ground truth event found for strong winds in ahmedabad.,0.5,0.8178669336562865
110,Severe Dust Storm reported in Central Delhi.,Dust Storm,Delhi,Central Delhi,Central Delhi,28.6255,77.2111,https://example.com/media/110.jpg,Instagram,2026-09-03T00:11:30,Misinformation,No matching ground truth event and low ML credibility score.,0.7,0.38309675120980763
111,Severe Dust Storm reported in Kolkata.,Dust Storm,West Bengal,Kolkata,Howrah,22.5528,88.362,https://example.com/media/111.jpg,Instagram,2026-08-20T06:54:27,Misinformation,No matching ground truth event and low ML credibility score.,0.7,0.35614995900019286
112,Urgent: Heatwave situation worsening in Central Delhi.,Heatwave,Delhi,Central Delhi,Central Delhi,28.5951,77.2189,https://example.com/media/112.jpg,Twitter,2026-08-23T02:10:48,Unverified,"Location matches, but timestamp outside event window for heatwave in central delhi.",0.6,0.591386555647102
113,Multiple people affected by Flood in Chennai.,Flood,Tamil Nadu,Chennai,Chennai,13.0997,80.2753,https://example.com/media/113.jpg,News Portal,2026-08-20T11:19:37,Unverified,No matching ground truth event found for flood in chennai.,0.5,0.6273020000199957
114,Severe Dust Storm reported in Kolkata.,Dust Storm,West Bengal,Kolkata,Howrah,22.5754,88.3592,https://example.com/media/114.jpg,WhatsApp,2026-08-18T17:05:44,Misinformation,No matching ground truth event and low ML credibility score.,0.7,0.35614995900019286
115,Heavy Flood happening right now in Central Delhi.,Flood,Delhi,Central Delhi,Central Delhi,28.6056,77.2213,https://example.com/media/115.jpg,Instagram,2026-08-30T17:13:25,Unverified,No matching ground truth event found for flood in central delhi.,0.5,0.6015721830936875
116,Severe Heatwave reported in Chennai.,Heatwave,Tamil Nadu,Chennai,Chennai,13.1017,80.2728,https://example.com/media/116.jpg,News Portal,2026-09-07T22:09:40,Unverified,No matching ground truth event found for heatwave in chennai.,0.5,0.4768904411948404
117,Multiple people affected by Thunderstorm in Chennai.,Thunderstorm,Tamil Nadu,Chennai,Chennai,13.0895,80.2687,https://example.com/media/117.jpg,Instagram,2026-08-06T16:12:36,Unverified,No matching ground truth event found for thunderstorm in chennai.,0.5,0.5053533340233071
118,Urgent: Strong Winds situation worsening in Chennai.,Strong Winds,Tamil Nadu,Chennai,Chennai,13.088,80.2645,https://example.com/media/118.jpg,News Portal,2026-08-26T10:53:18,Unverified,"Location matches, but timestamp outside event window for strong winds in chennai.",0.6,0.7008984943887714
119,Severe Rainfall reported in Jaipur.,Rainfall,Rajasthan,Jaipur,Jaipur,26.9282,75.7927,https://example.com/media/119.jpg,News Portal,2026-09-04T10:40:01,Unverified,No matching ground truth event found for rainfall in jaipur.,0.5,0.6525942080158885
120,Heavy Fog happening right now in Kolkata.,Fog,West Bengal,Kolkata,Kolkata,22.567,88.3616,https://example.com/media/120.jpg,WhatsApp,2026-08-11T09:59:36,Unverified,No matching ground truth event found for fog in kolkata.,0.5,0.7826023506718947
121,Severe Rainfall reported in Jaipur.,Rainfall,Rajasthan,Jaipur,Jaipur,26.9096,75.7778,https://example.com/media/121.jpg,Twitter,2026-08-30T10:21:17,Unverified,No matching ground truth event found for rainfall in jaipur.,0.5,0.6525942080158885
122,Severe Thunderstorm reported in Central Delhi.,Thunderstorm,Delhi,Central Delhi,New Delhi,28.6192,77.2239,https://example.com/media/122.jpg,Facebook,2026-08-30T16:30:48,Unverified,No matching ground truth event found for thunderstorm in central delhi.,0.5,0.5147054183715396
123,Heavy Flood happening right now in Mumbai.,Flood,Maharashtra,Mumbai,Thane,19.0849,72.8668,https://example.com/media/123.jpg,News Portal,2026-08-05T19:15:11,Unverified,No matching ground truth event found for flood in mumbai.,0.5,0.5100445692628505
124,Local authorities responding to Thunderstorm in Ahmedabad.,Thunderstorm,Gujarat,Ahmedabad,Gandhinagar,23.0418,72.5546,https://example.com/media/124.jpg,Facebook,2026-09-06T05:31:28,Unverified,No matching ground truth event found for thunderstorm in ahmedabad.,0.5,0.48023231835155306
125,Local authorities responding to Flood in Amritsar.,Flood,Punjab,Amritsar,Amritsar,31.6233,74.8676,https://example.com/media/125.jpg,Twitter,2026-08-19T18:43:33,Unverified,No matching ground truth event found for flood in amritsar.,0.5,0.46674917641735275
126,Urgent: Dust Storm situation worsening in Central Delhi.,Dust Storm,Delhi,Central Delhi,New Delhi,28.6294,77.2151,https://example.com/media/126.jpg,News Portal,2026-08-17T14:12:55,Misinformation,No matching ground truth event and low ML credibility score.,0.7,0.36638372757322957
127,Urgent: Heatwave situation worsening in Jaipur.,Heatwave,Rajasthan,Jaipur,Jaipur,26.9318,75.7911,https://example.com/media/127.jpg,News Portal,2026-08-13T19:04:00,Unverified,No matching ground truth event found for heatwave in jaipur.,0.5,0.490531316026238
128,Urgent: Strong Winds situation worsening in Mumbai.,Strong Winds,Maharashtra,Mumbai,Mumbai,19.0758,72.8878,https://example.com/media/128.jpg,WhatsApp,2026-08-29T02:03:36,Unverified,No matching ground truth event found for strong winds in mumbai.,0.5,0.67281360287043
129,Local authorities responding to Rainfall in Ahmedabad.,Rainfall,Gujarat,Ahmedabad,Gandhinagar,23.0242,72.554,https://example.com/media/129.jpg,News Portal,2026-08-11T17:33:14,Unverified,No matching ground truth event found for rainfall in ahmedabad.,0.5,0.7857986952597038
130,Heavy Heatwave happening right now in Mumbai.,Heatwave,Maharashtra,Mumbai,Mumbai,19.0653,72.8715,https://example.com/media/130.jpg,Facebook,2026-08-22T12:12:32,Unverified,No matching ground truth event found for heatwave in mumbai.,0.5,0.518469879560752
131,Severe Flood reported in Central Delhi.,Flood,Delhi,Central Delhi,Central Delhi,28.6045,77.1964,https://example.com/media/131.jpg,News Portal,2026-08-16T16:05:04,Unverified,No matching ground truth event found for flood in central delhi.,0.5,0.538038207577792
132,Multiple people affected by Heatwave in Jaipur.,Heatwave,Rajasthan,Jaipur,Jaipur,26.92,75.7937,https://example.com/media/132.jpg,Facebook,2026-09-02T15:19:15,Unverified,No matching ground truth event found for heatwave in jaipur.,0.5,0.5927105052754285
133,Multiple people affected by Strong Winds in Mumbai.,Strong Winds,Maharashtra,Mumbai,Thane,19.0821,72.8596,https://example.com/media/133.jpg,News Portal,2026-09-02T01:17:38,Unverified,No matching ground truth event found for strong winds in mumbai.,0.5,0.784904960922717
134,Severe Dust Storm reported in Mumbai.,Dust Storm,Maharashtra,Mumbai,Thane,19.0665,72.8583,https://example.com/media/134.jpg,News Portal,2026-08-15T07:18:56,Misinformation,No matching ground truth event and low ML credibility score.,0.7,0.25772458872499715
135,Urgent: Heatwave situation worsening in Chennai.,Heatwave,Tamil Nadu,Chennai,Chennai,13.0994,80.2806,https://example.com/media/135.jpg,WhatsApp,2026-08-19T15:13:57,Unverified,No matching ground truth event found for heatwave in chennai.,0.5,0.49902720247569926
136,Local authorities responding to Heatwave in Mumbai.,Heatwave,Maharashtra,Mumbai,Thane,19.0859,72.8598,https://example.com/media/136.jpg,WhatsApp,2026-08-08T18:11:15,Unverified,No matching ground truth event found for heatwave in mumbai.,0.5,0.6357340181643236
137,Urgent: Thunderstorm situation worsening in Ahmedabad.,Thunderstorm,Gujarat,Ahmedabad,Ahmedabad,23.0046,72.5568,https://example.com/media/137.jpg,Instagram,2026-08-19T03:11:29,Unverified,No matching ground truth event found for thunderstorm in ahmedabad.,0.5,0.4540032218343621
138,Urgent: Dust Storm situation worsening in Jaipur.,Dust Storm,Rajasthan,Jaipur,Jaipur,26.9277,75.7819,https://example.com/media/138.jpg,News Portal,2026-08-10T18:15:04,Unverified,"Location matches, but timestamp outside event window for dust storm in jaipur.",0.6,0.2805589641888411
139,Local authorities responding to Heatwave in Central Delhi.,Heatwave,Delhi,Central Delhi,Central Delhi,28.6154,77.1983,https://example.com/media/139.jpg,Instagram,2026-09-06T23:27:00,Unverified,"Location matches, but timestamp outside event window for heatwave in central delhi.",0.6,0.737875959880296
140,Severe Strong Winds reported in Ahmedabad.,Strong Winds,Gujarat,Ahmedabad,Ahmedabad,23.0253,72.5722,https://example.com/media/140.jpg,Facebook,2026-09-02T06:07:47,Unverified,No matching ground truth event found for strong winds in ahmedabad.,0.5,0.7436114244380003
141,Severe Heatwave reported in Kolkata.,Heatwave,West Bengal,Kolkata,Kolkata,22.5772,88.3466,https://example.com/media/141.jpg,Instagram,2026-09-08T08:42:09,Unverified,No matching ground truth event found for heatwave in kolkata.,0.5,0.5783505187885003
142,Multiple people affected by Fog in Amritsar.,Fog,Punjab,Amritsar,Amritsar,31.616,74.8616,https://example.com/media/142.jpg,WhatsApp,2026-08-14T13:37:44,Unverified,"Location matches, but timestamp outside event window for fog in amritsar.",0.6,0.6900265146173761
143,Urgent: Rainfall situation worsening in Amritsar.,Rainfall,Punjab,Amritsar,Amritsar,31.6527,74.8764,https://example.com/media/143.jpg,News Portal,2026-08-21T13:20:10,Unverified,No matching ground truth event found for rainfall in amritsar.,0.5,0.5829141095843595
144,Heavy Strong Winds happening right now in Ahmedabad.,Strong Winds,Gujarat,Ahmedabad,Gandhinagar,23.0122,72.5778,https://example.com/media/144.jpg,News Portal,2026-08-12T13:23:48,Unverified,No matching ground truth event found for strong winds in ahmedabad.,0.5,0.758419090654233
145,Local authorities responding to Rainfall in Mumbai.,Rainfall,Maharashtra,Mumbai,Mumbai,19.0634,72.8923,https://example.com/media/145.jpg,WhatsApp,2026-08-29T21:10:56,Unverified,"Location matches, but timestamp outside event window for rainfall in mumbai.",0.6,0.7613194979390387
146,Severe Rainfall reported in Mumbai.,Rainfall,Maharashtra,Mumbai,Thane,19.0914,72.8938,https://example.com/media/146.jpg,Twitter,2026-08-18T03:38:53,Unverified,"Location matches, but timestamp outside event window for rainfall in mumbai.",0.6,0.6676442041491926
147,Severe Flood reported in Kolkata.,Flood,West Bengal,Kolkata,Howrah,22.5795,88.3444,https://example.com/media/147.jpg,News Portal,2026-08-06T01:44:00,Unverified,No matching ground truth event found for flood in kolkata.,0.5,0.5193300747446565
148,Multiple people affected by Thunderstorm in Kolkata.,Thunderstorm,West Bengal,Kolkata,Kolkata,22.5785,88.3484,https://example.com/media/148.jpg,Instagram,2026-08-16T00:32:45,Unverified,"Location matches, but timestamp outside event window for thunderstorm in kolkata.",0.6,0.6780089631182333
149,Multiple people affected by Strong Winds in Jaipur.,Strong Winds,Rajasthan,Jaipur,Jaipur,26.9033,75.7828,https://example.com/media/149.jpg,Facebook,2026-09-01T20:53:54,Unverified,No matching ground truth event found for strong winds in jaipur.,0.5,0.7906470691630771
150,Severe Strong Winds reported in Central Delhi.,Strong Winds,Delhi,Central Delhi,Central Delhi,28.6192,77.2251,https://example.com/media/150.jpg,Instagram,2026-08-26T20:58:06,Unverified,No matching ground truth event found for strong winds in central delhi.,0.5,0.7693499228748637
151,Urgent: Flood situation worsening in Central Delhi.,Flood,Delhi,Central Delhi,Central Delhi,28.6322,77.2047,https://example.com/media/151.jpg,Twitter,2026-09-03T10:01:16,Unverified,No matching ground truth event found for flood in central delhi.,0.5,0.5206282522640518
152,Severe Dust Storm reported in Ahmedabad.,Dust Storm,Gujarat,Ahmedabad,Gandhinagar,23.028,72.5683,https://example.com/media/152.jpg,Instagram,2026-09-02T04:20:04,Misinformation,No matching ground truth event and low ML credibility score.,0.7,0.32565123117412526
153,Severe Fog reported in Kolkata.,Fog,West Bengal,Kolkata,Howrah,22.5586,88.3681,https://example.com/media/153.jpg,News Portal,2026-08-19T23:52:43,Unverified,No matching ground truth event found for fog in kolkata.,0.5,0.7189146278894781
154,Severe Rainfall reported in Ahmedabad.,Rainfall,Gujarat,Ahmedabad,Gandhinagar,23.0208,72.5824,https://example.com/media/154.jpg,News Portal,2026-08-08T09:46:14,Unverified,No matching ground truth event found for rainfall in ahmedabad.,0.5,0.7284621049344419
155,Severe Strong Winds reported in Amritsar.,Strong Winds,Punjab,Amritsar,Amritsar,31.6511,74.8919,https://example.com/media/155.jpg,WhatsApp,2026-08-22T19:04:40,Unverified,No matching ground truth event found for strong winds in amritsar.,0.5,0.6780965232174374
156,Urgent: Rainfall situation worsening in Kolkata.,Rainfall,West Bengal,Kolkata,Kolkata,22.5742,88.3719,https://example.com/media/156.jpg,WhatsApp,2026-08-29T09:55:40,Unverified,No matching ground truth event found for rainfall in kolkata.,0.5,0.698131607431793
157,Heavy Fog happening right now in Jaipur.,Fog,Rajasthan,Jaipur,Jaipur,26.9217,75.8054,https://example.com/media/157.jpg,Instagram,2026-08-05T14:59:10,Unverified,No matching ground truth event found for fog in jaipur.,0.5,0.6565240052429734
158,Severe Heatwave reported in Ahmedabad.,Heatwave,Gujarat,Ahmedabad,Gandhinagar,23.0177,72.5514,https://example.com/media/158.jpg,WhatsApp,2026-09-02T02:22:25,Unverified,No matching ground truth event found for heatwave in ahmedabad.,0.5,0.5361285507201223
159,Severe Heatwave reported in Amritsar.,Heatwave,Punjab,Amritsar,Amritsar,31.6377,74.882,https://example.com/media/159.jpg,Facebook,2026-08-05T13:00:57,Unverified,No matching ground truth event found for heatwave in amritsar.,0.5,0.435171920891645
160,Multiple people affected by Thunderstorm in Ahmedabad.,Thunderstorm,Gujarat,Ahmedabad,Gandhinagar,23.0064,72.555,https://example.com/media/160.jpg,WhatsApp,2026-08-30T12:51:25,Unverified,No matching ground truth event found for thunderstorm in ahmedabad.,0.5,0.5121662654092038
161,Local authorities responding to Fog in Jaipur.,Fog,Rajasthan,Jaipur,Jaipur,26.9133,75.7945,https://example.com/media/161.jpg,Instagram,2026-09-02T05:37:23,Unverified,"Time matches, but location does not match event area for fog.",0.5,0.7346209154107731
162,Severe Thunderstorm reported in Mumbai.,Thunderstorm,Maharashtra,Mumbai,Thane,19.0645,72.865,https://example.com/media/162.jpg,Instagram,2026-09-08T01:12:23,Misinformation,No matching ground truth event and low ML credibility score.,0.7,0.36066334561785734
163,Urgent: Rainfall situation worsening in Kolkata.,Rainfall,West Bengal,Kolkata,Howrah,22.5543,88.3534,https://example.com/media/163.jpg,News Portal,2026-08-30T17:27:31,Unverified,No matching ground truth event found for rainfall in kolkata.,0.5,0.698131607431793
164,Severe Thunderstorm reported in Kolkata.,Thunderstorm,West Bengal,Kolkata,Kolkata,22.5726,88.365,https://example.com/media/164.jpg,Instagram,2026-08-26T13:42:25,Unverified,"Location matches, but timestamp outside event window for thunderstorm in kolkata.",0.6,0.4923349378993361
165,Local authorities responding to Strong Winds in Kolkata.,Strong Winds,West Bengal,Kolkata,Howrah,22.5721,88.349,https://example.com/media/165.jpg,Facebook,2026-08-05T14:25:22,Unverified,No matching ground truth event found for strong winds in kolkata.,0.5,0.8381874181825963
166,Urgent: Dust Storm situation worsening in Mumbai.,Dust Storm,Maharashtra,Mumbai,Mumbai,19.0872,72.8859,https://example.com/media/166.jpg,WhatsApp,2026-08-12T08:52:12,Misinformation,No matching ground truth event and low ML credibility score.,0.7,0.2556361146362601
167,Heavy Heatwave happening right now in Kolkata.,Heatwave,West Bengal,Kolkata,Howrah,22.5872,88.3652,https://example.com/media/167.jpg,Facebook,2026-08-10T03:46:28,Unverified,No matching ground truth event found for heatwave in kolkata.,0.5,0.6712177182607546
168,Heavy Rainfall happening right now in Chennai.,Rainfall,Tamil Nadu,Chennai,Chennai,13.0726,80.251,https://example.com/media/168.jpg,Facebook,2026-09-08T04:13:21,Unverified,No matching ground truth event found for rainfall in chennai.,0.5,0.6921722502468777
169,Severe Flood reported in Jaipur.,Flood,Rajasthan,Jaipur,Jaipur,26.9048,75.7766,https://example.com/media/169.jpg,WhatsApp,2026-09-02T00:22:22,Misinformation,No matching ground truth event and low ML credibility score.,0.7,0.3912351056553518
170,Multiple people affected by Dust Storm in Chennai.,Dust Storm,Tamil Nadu,Chennai,Chennai,13.063,80.2871,https://example.com/media/170.jpg,Facebook,2026-08-10T19:59:19,Unverified,No matching ground truth event found for dust storm in chennai.,0.5,0.44908098629841714
171,Urgent: Rainfall situation worsening in Kolkata.,Rainfall,West Bengal,Kolkata,Kolkata,22.5683,88.3744,https://example.com/media/171.jpg,Instagram,2026-09-05T16:20:12,Unverified,No matching ground truth event found for rainfall in kolkata.,0.5,0.698131607431793
172,Urgent: Strong Winds situation worsening in Central Delhi.,Strong Winds,Delhi,Central Delhi,New Delhi,28.6133,77.2006,https://example.com/media/172.jpg,WhatsApp,2026-08-31T23:46:59,Unverified,No matching ground truth event found for strong winds in central delhi.,0.5,0.7560460647973293
173,Local authorities responding to Heatwave in Jaipur.,Heatwave,Rajasthan,Jaipur,Jaipur,26.9096,75.7984,https://example.com/media/173.jpg,WhatsApp,2026-09-01T14:48:46,Unverified,No matching ground truth event found for heatwave in jaipur.,0.5,0.647107765920433
174,Severe Flood reported in Ahmedabad.,Flood,Gujarat,Ahmedabad,Gandhinagar,23.0305,72.5881,https://example.com/media/174.jpg,WhatsApp,2026-08-14T05:09:11,Unverified,"Location matches, but timestamp outside event window for flood in ahmedabad.",0.6,0.47823043349168226
175,Multiple people affected by Flood in Kolkata.,Flood,West Bengal,Kolkata,Howrah,22.5736,88.3626,https://example.com/media/175.jpg,Facebook,2026-08-27T11:54:00,Unverified,No matching ground truth event found for flood in kolkata.,0.5,0.695618813136385
176,Local authorities responding to Flood in Ahmedabad.,Flood,Gujarat,Ahmedabad,Ahmedabad,23.0064,72.5844,https://example.com/media/176.jpg,WhatsApp,2026-08-09T06:04:56,Unverified,"Location matches, but timestamp outside event window for flood in ahmedabad.",0.6,0.6872168401613726
177,Multiple people affected by Flood in Kolkata.,Flood,West Bengal,Kolkata,Kolkata,22.5653,88.3757,https://example.com/media/177.jpg,Twitter,2026-08-13T07:34:00,Unverified,No matching ground truth event found for flood in kolkata.,0.5,0.695618813136385
178,Multiple people affected by Thunderstorm in Central Delhi.,Thunderstorm,Delhi,Central Delhi,New Delhi,28.6198,77.2221,https://example.com/media/178.jpg,News Portal,2026-08-10T09:24:40,Unverified,No matching ground truth event found for thunderstorm in central delhi.,0.5,0.5572780647479528
179,Urgent: Rainfall situation worsening in Kolkata.,Rainfall,West Bengal,Kolkata,Howrah,22.5746,88.375,https://example.com/media/179.jpg,Instagram,2026-08-15T20:55:47,Unverified,No matching ground truth event found for rainfall in kolkata.,0.5,0.698131607431793
180,Urgent: Dust Storm situation worsening in Ahmedabad.,Dust Storm,Gujarat,Ahmedabad,Ahmedabad,23.0389,72.5683,https://example.com/media/180.jpg,Twitter,2026-08-20T18:31:49,Misinformation,No matching ground truth event and low ML credibility score.,0.7,0.3225876221018145
181,Multiple people affected by Strong Winds in Mumbai.,Strong Winds,Maharashtra,Mumbai,Thane,19.0915,72.8953,https://example.com/media/181.jpg,Instagram,2026-08-22T13:55:06,Unverified,No matching ground truth event found for strong winds in mumbai.,0.5,0.784904960922717
182,Severe Fog reported in Kolkata.,Fog,West Bengal,Kolkata,Kolkata,22.587,88.3633,https://example.com/media/182.jpg,Twitter,2026-08-13T03:51:18,Unverified,No matching ground truth event found for fog in kolkata.,0.5,0.7189146278894781
183,Urgent: Thunderstorm situation worsening in Jaipur.,Thunderstorm,Rajasthan,Jaipur,Jaipur,26.9234,75.7685,https://example.com/media/183.jpg,WhatsApp,2026-08-19T16:29:26,Unverified,No matching ground truth event found for thunderstorm in jaipur.,0.5,0.4039537553025318
184,Local authorities responding to Heatwave in Central Delhi.,Heatwave,Delhi,Central Delhi,Central Delhi,28.605,77.2263,https://example.com/media/184.jpg,Twitter,2026-08-17T03:08:32,Unverified,"Location matches, but timestamp outside event window for heatwave in central delhi.",0.6,0.737875959880296
185,Urgent: Rainfall situation worsening in Kolkata.,Rainfall,West Bengal,Kolkata,Kolkata,22.5815,88.377,https://example.com/media/185.jpg,News Portal,2026-08-28T22:44:49,Unverified,No matching ground truth event found for rainfall in kolkata.,0.5,0.698131607431793
186,Local authorities responding to Rainfall in Chennai.,Rainfall,Tamil Nadu,Chennai,Chennai,13.0809,80.2647,https://example.com/media/186.jpg,News Portal,2026-09-02T15:39:29,Unverified,No matching ground truth event found for rainfall in chennai.,0.5,0.7587276120425114
187,Local authorities responding to Dust Storm in Central Delhi.,Dust Storm,Delhi,Central Delhi,Central Delhi,28.5975,77.2037,https://example.com/media/187.jpg,WhatsApp,2026-08-05T03:45:43,Unverified,No matching ground truth event found for dust storm in central delhi.,0.5,0.487711011138051
188,Local authorities responding to Fog in Central Delhi.,Fog,Delhi,Central Delhi,New Delhi,28.628,77.1991,https://example.com/media/188.jpg,Twitter,2026-09-07T01:14:46,Unverified,No matching ground truth event found for fog in central delhi.,0.5,0.7788492072363234
189,Local authorities responding to Thunderstorm in Kolkata.,Thunderstorm,West Bengal,Kolkata,Kolkata,22.5627,88.3678,https://example.com/media/189.jpg,Instagram,2026-09-08T20:29:38,Unverified,"Location matches, but timestamp outside event window for thunderstorm in kolkata.",0.6,0.6598097166403365
190,Severe Flood reported in Amritsar.,Flood,Punjab,Amritsar,Amritsar,31.6229,74.8721,https://example.com/media/190.jpg,Twitter,2026-08-11T10:49:49,Misinformation,No matching ground truth event and low ML credibility score.,0.7,0.38031596315671723
191,Local authorities responding to Rainfall in Kolkata.,Rainfall,West Bengal,Kolkata,Kolkata,22.5556,88.3595,https://example.com/media/191.jpg,Facebook,2026-09-04T16:02:50,Unverified,No matching ground truth event found for rainfall in kolkata.,0.5,0.8128255844035205
192,Multiple people affected by Flood in Ahmedabad.,Flood,Gujarat,Ahmedabad,Gandhinagar,23.0207,72.5875,https://example.com/media/192.jpg,Instagram,2026-08-08T21:43:41,Unverified,"Location matches, but timestamp outside event window for flood in ahmedabad.",0.6,0.7275664712939502
193,Multiple people affected by Heatwave in Kolkata.,Heatwave,West Bengal,Kolkata,Kolkata,22.5717,88.3628,https://example.com/media/193.jpg,Facebook,2026-09-07T11:58:20,Unverified,No matching ground truth event found for heatwave in kolkata.,0.5,0.6229518166210062
194,Local authorities responding to Thunderstorm in Jaipur.,Thunderstorm,Rajasthan,Jaipur,Jaipur,26.9097,75.7912,https://example.com/media/194.jpg,Facebook,2026-08-15T00:08:19,Unverified,No matching ground truth event found for thunderstorm in jaipur.,0.5,0.430650741269017
195,Severe Heatwave reported in Jaipur.,Heatwave,Rajasthan,Jaipur,Jaipur,26.9222,75.7961,https://example.com/media/195.jpg,News Portal,2026-08-27T21:28:23,Unverified,No matching ground truth event found for heatwave in jaipur.,0.5,0.44547544954862367
196,Local authorities responding to Thunderstorm in Ahmedabad.,Thunderstorm,Gujarat,Ahmedabad,Ahmedabad,23.0114,72.554,https://example.com/media/196.jpg,News Portal,2026-09-05T09:54:45,Unverified,No matching ground truth event found for thunderstorm in ahmedabad.,0.5,0.48023231835155306
197,Severe Thunderstorm reported in Amritsar.,Thunderstorm,Punjab,Amritsar,Amritsar,31.6483,74.8636,https://example.com/media/197.jpg,WhatsApp,2026-08-07T06:10:30,Misinformation,No matching ground truth event and low ML credibility score.,0.7,0.3500588652696451
198,Urgent: Dust Storm situation worsening in Chennai.,Dust Storm,Tamil Nadu,Chennai,Chennai,13.093,80.2567,https://example.com/media/198.jpg,Twitter,2026-08-09T23:52:12,Misinformation,No matching ground truth event and low ML credibility score.,0.7,0.28218852445404186
199,Urgent: Heatwave situation worsening in Amritsar.,Heatwave,Punjab,Amritsar,Amritsar,31.6383,74.8629,https://example.com/media/199.jpg,Twitter,2026-08-13T16:55:10,Unverified,No matching ground truth event found for heatwave in amritsar.,0.5,0.4744259555996196
200,Multiple people affected by Thunderstorm in Ahmedabad.,Thunderstorm,Gujarat,Ahmedabad,Ahmedabad,23.0048,72.5731,https://example.com/media/200.jpg,WhatsApp,2026-09-05T10:16:11,Unverified,No matching ground truth event found for thunderstorm in ahmedabad.,0.5,0.5121662654092038
